Date,SPY,QQQ,IWM,GLD,TLT
2015-01-02,169.68788146972656,94.5611572265625,102.54313659667969,114.08000183105469,91.93519592285156
2015-01-05,166.6233367919922,93.174072265625,101.17220306396484,115.80000305175781,93.37942504882812
2015-01-06,165.05392456054688,91.92472839355469,99.42190551757812,117.12000274658203,95.06184387207031
2015-01-07,167.11068725585938,93.10977935791016,100.64625549316406,116.43000030517578,94.8741226196289
2015-01-08,170.07608032226562,94.89185333251953,102.35342407226562,115.94000244140625,93.61766052246094
2015-01-09,168.71315002441406,94.26716613769531,101.37051391601562,117.26000213623047,94.64303588867188
2015-01-12,167.39151000976562,93.2843017578125,101.03425598144531,118.55999755859375,95.18460845947266
2015-01-13,166.9207305908203,93.25672149658203,101.1118392944336,118.16000366210938,95.18460845947266
2015-01-14,165.9129180908203,92.74227905273438,100.7066421508789,117.97000122070312,95.90668487548828
2015-01-15,164.3931427001953,91.5389404296875,99.00804138183594,120.94000244140625,97.41578674316406
2015-01-16,166.5489959716797,92.61371612548828,100.62036895751953,122.5199966430664,96.17383575439453
2015-01-20,166.90414428710938,93.3486099243164,100.19789123535156,124.19999694824219,97.45196533203125
2015-01-21,167.7467041015625,93.82626342773438,99.8788833618164,124.2300033569336,96.32547760009766
2015-01-22,170.2412872314453,95.56242370605469,101.91371154785156,125.2300033569336,95.97889709472656
2015-01-23,169.307861328125,95.77373504638672,101.84474182128906,124.2300033569336,97.31473541259766
2015-01-26,169.70440673828125,95.66345977783203,102.82766723632812,122.98999786376953,97.01869201660156
2015-01-27,167.46591186523438,93.18323516845703,102.33621215820312,124.4000015258789,97.17033386230469
2015-01-28,165.31820678710938,92.70555114746094,100.61177825927734,123.41999816894531,98.75889587402344
2015-01-29,166.84637451171875,93.59661102294922,101.99995422363281,120.76000213623047,98.10900115966797
2015-01-30,164.748291015625,92.87091827392578,99.7581558227539,123.44999694824219,99.84920501708984
2015-02-02,166.7885284423828,93.67929077148438,100.67212677001953,122.41999816894531,99.47225189208984
2015-02-03,169.2004852294922,94.57950592041016,102.47413635253906,121.05000305175781,97.36679077148438
2015-02-04,168.55615234375,94.49685668945312,102.09477996826172,121.58000183105469,97.53312683105469
2015-02-05,170.2578125,95.31439971923828,103.41395568847656,121.79000091552734,96.46236419677734
2015-02-06,169.7869415283203,94.7356948852539,103.30186462402344,118.63999938964844,94.75479125976562
2015-02-09,169.0270538330078,94.43256378173828,102.48277282714844,119.16999816894531,94.60285949707031
2015-02-10,170.82774353027344,95.90232849121094,103.1380386352539,118.47000122070312,93.85037994384766
2015-02-11,170.9268341064453,96.25138854980469,102.99149322509766,117.06999969482422,94.02401733398438
2015-02-12,172.57064819335938,97.37206268310547,104.1640853881836,117.33999633789062,93.71292114257812
2015-02-13,173.28099060058594,98.20801544189453,104.7848892211914,117.9800033569336,92.75057983398438
2015-02-17,173.55355834960938,98.29988098144531,105.11251831054688,116.01000213623047,91.35415649414062
2015-02-18,173.57009887695312,98.43765258789062,105.22459411621094,116.33999633789062,91.89680480957031
2015-02-19,173.44619750976562,98.92451477050781,105.23323059082031,115.94000244140625,91.28907012939453
2015-02-20,174.48696899414062,99.58592224121094,105.51776885986328,115.27999877929688,91.5567626953125
2015-02-23,174.46218872070312,99.68695831298828,105.62124633789062,115.43000030517578,92.60586547851562
2015-02-24,174.95777893066406,99.76046752929688,105.75920104980469,115.26000213623047,93.8214111328125
2015-02-25,174.8091583251953,99.5124282836914,105.87989044189453,115.69999694824219,94.22653198242188
2015-02-26,174.6026153564453,100.01765441894531,106.26788330078125,116.06999969482422,92.9386978149414
2015-02-27,174.0078887939453,99.57672882080078,105.6902084350586,116.16000366210938,93.72018432617188
2015-03-02,175.10646057128906,100.47698974609375,106.45758819580078,115.68000030517578,91.97443389892578
2015-03-03,174.3878173828125,100.00848388671875,105.82816314697266,115.47000122070312,91.64095306396484
2015-03-04,173.65272521972656,99.6226577758789,105.50052642822266,115.11000061035156,91.66996002197266
2015-03-05,173.84271240234375,99.79721069335938,105.81092834472656,115.0,91.55401611328125
2015-03-06,171.39772033691406,98.66732025146484,104.4744873046875,111.86000061035156,89.53137969970703
2015-03-09,172.1081085205078,98.95211029052734,104.93144989013672,111.97000122070312,90.35780334472656
2015-03-10,169.3161163330078,97.1148681640625,103.724365234375,111.41999816894531,91.54671478271484
2015-03-11,168.91966247558594,96.5545425415039,104.36238861083984,110.75,92.21369171142578
2015-03-12,171.0673065185547,97.18836975097656,106.09545135498047,110.72000122070312,92.1484146118164
2015-03-13,170.01829528808594,96.76580047607422,105.71607971191406,110.87999725341797,91.86567687988281
2015-03-16,172.28985595703125,98.01506042480469,106.33686065673828,110.80999755859375,92.75010681152344
2015-03-17,171.77764892578125,98.17124938964844,106.62140655517578,110.20999908447266,93.51861572265625
2015-03-18,173.84271240234375,99.13581085205078,107.47501373291016,112.37000274658203,95.32373809814453
2015-03-19,173.04974365234375,99.28275299072266,107.68193817138672,112.29000091552734,94.8380126953125
2015-03-20,174.5772247314453,99.9254379272461,108.6303482055664,113.56999969482422,95.33818054199219
2015-03-23,174.23703002929688,99.73210906982422,108.5354995727539,114.29000091552734,95.22220611572266
2015-03-24,173.2579803466797,99.37299346923828,108.50965881347656,114.56999969482422,96.14289093017578
2015-03-25,170.71908569335938,97.09883117675781,105.917724609375,114.7300033569336,95.33094787597656
2015-03-26,170.31256103515625,96.76740264892578,105.78797149658203,115.4800033569336,93.84476470947266
2015-03-27,170.70245361328125,97.15406799316406,106.46258544921875,115.05999755859375,95.01199340820312
2015-03-30,172.7850341796875,98.26815795898438,107.90685272216797,113.75,94.54076385498047
2015-03-31,171.27503967285156,97.22773742675781,107.56090545654297,113.66000366210938,94.74378204345703
2015-04-01,170.6693115234375,96.72134399414062,107.6041488647461,115.5999984741211,95.9881820678711
2015-04-02,171.2832489013672,96.78577423095703,107.8030776977539,115.27999877929688,94.97115325927734
2015-04-06,172.43658447265625,97.57762145996094,108.2787094116211,116.69000244140625,94.44085693359375
2015-04-07,171.98023986816406,97.41188049316406,107.58687591552734,116.11000061035156,95.23269653320312
2015-04-08,172.56105041503906,98.18527221679688,108.51225280761719,115.47000122070312,95.26172637939453
2015-04-09,173.3243865966797,98.80216217041016,108.12305450439453,114.66999816894531,94.02674865722656
2015-04-10,174.27023315429688,99.207275390625,108.64195251464844,115.97000122070312,94.1647720336914
2015-04-13,173.4820098876953,98.95868682861328,108.7111587524414,115.13999938964844,94.2955551147461
2015-04-14,173.81387329101562,98.67326354980469,108.6852035522461,114.44000244140625,94.96390533447266
2015-04-15,174.5938262939453,99.29012298583984,109.44627380371094,115.43000030517578,94.88392639160156
2015-04-16,174.54397583007812,99.15203094482422,109.38573455810547,115.02999877929688,94.41173553466797
2015-04-17,172.53619384765625,97.60523223876953,107.61280822753906,115.5999984741211,95.49422454833984
2015-04-20,174.11256408691406,99.06917572021484,108.66793823242188,114.72000122070312,94.65144348144531
2015-04-21,173.90513610839844,99.49269104003906,108.55547332763672,115.37999725341797,94.22286987304688
2015-04-22,174.75973510742188,100.03592681884766,108.71980285644531,113.83000183105469,92.78446960449219
2015-04-23,175.19944763183594,100.41341400146484,109.21277618408203,114.66000366210938,93.1840591430664
2015-04-24,175.60604858398438,101.77607727050781,108.84951782226562,113.05000305175781,93.76519775390625
2015-04-27,174.87591552734375,101.51826477050781,107.64739990234375,115.33000183105469,93.76519775390625
2015-04-28,175.4318084716797,101.31571960449219,108.2441177368164,116.33000183105469,92.47209167480469
2015-04-29,174.7099151611328,100.68042755126953,107.06794738769531,115.51000213623047,91.33880615234375
2015-04-30,172.95928955078125,99.0968017578125,104.80206298828125,113.47000122070312,91.49862670898438
2015-05-01,174.8344268798828,100.40422058105469,105.48526763916016,113.08000183105469,90.26690673828125
2015-05-04,175.33224487304688,100.56996154785156,105.8658218383789,114.0999984741211,89.41517639160156
2015-05-05,173.3243865966797,98.9310531616211,104.51663970947266,114.41999816894531,89.29145812988281
2015-05-06,172.61082458496094,98.2497329711914,104.87989807128906,114.36000061035156,87.76273345947266
2015-05-07,173.2995147705078,98.83898162841797,105.27772521972656,113.41999816894531,88.9419937133789
2015-05-08,175.58116149902344,100.07274627685547,106.06472778320312,113.97000122070312,89.18226623535156
2015-05-11,174.7431640625,99.68604278564453,106.1252670288086,113.52999877929688,87.0129165649414
2015-05-12,174.22042846679688,99.23490142822266,105.93498992919922,114.5,87.23858642578125
2015-05-13,174.25360107421875,99.43746948242188,105.93498992919922,116.55000305175781,86.53978729248047
2015-05-14,176.0706787109375,100.89218139648438,107.0593032836914,117.18000030517578,86.77268981933594
2015-05-15,176.2615203857422,100.89218139648438,106.938232421875,117.52999877929688,88.51255798339844
2015-05-18,176.80906677246094,101.3341293334961,108.14900970458984,117.5199966430664,87.02750396728516
2015-05-19,176.75103759765625,101.22364044189453,108.00200653076172,115.88999938964844,86.255859375
2015-05-20,176.6265869140625,101.2881088256836,108.20089721679688,116.08000183105469,86.4014663696289
2015-05-21,177.1409454345703,101.81291961669922,108.07979583740234,115.69000244140625,87.60984802246094
2015-05-22,176.71786499023438,101.71161651611328,107.61280822753906,115.5999984741211,87.64623260498047
2015-05-26,174.81776428222656,100.54231262207031,106.5836410522461,113.91000366210938,89.1458740234375
2015-05-27,176.4771728515625,102.16277313232422,107.88953399658203,113.88999938964844,89.34968566894531
2015-05-28,176.27810668945312,101.93257904052734,107.79441833496094,114.0199966430664,89.13127899169922
2015-05-29,175.18292236328125,101.32493591308594,107.14579010009766,114.0999984741211,89.32787322998047
2015-06-01,175.53968811035156,101.66559600830078,107.48304748535156,114.0,88.3677978515625
2015-06-02,175.36541748046875,101.34332275390625,107.69063568115234,114.45999908447266,87.13490295410156
2015-06-03,175.83004760742188,101.64714813232422,108.76306915283203,113.63999938964844,85.7341537475586
2015-06-04,174.3448944091797,100.87378692626953,107.67335510253906,112.83999633789062,86.85039520263672
2015-06-05,174.0461883544922,100.6343765258789,108.45171356201172,112.23999786376953,85.79257202148438
2015-06-08,172.97589111328125,99.61237335205078,107.95008850097656,112.56999969482422,85.6977310180664
2015-06-09,172.95101928710938,99.44664764404297,107.6214599609375,112.81999969482422,85.01924896240234
2015-06-10,175.02528381347656,100.809326171875,108.96194458007812,113.77999877929688,84.27513122558594
2015-06-11,175.5894775390625,100.9566421508789,109.23868560791016,113.26000213623047,86.04788208007812
2015-06-12,174.24534606933594,100.12799835205078,108.91006469726562,113.2300033569336,86.04788208007812
2015-06-15,173.4985809326172,99.63079833984375,108.56414794921875,113.7300033569336,86.1865234375
2015-06-16,174.44447326660156,100.17402648925781,109.33386993408203,113.31999969482422,86.86492919921875
2015-06-17,174.7265625,100.45024871826172,109.16954040527344,113.8499984741211,86.19381713867188
2015-06-18,176.5436248779297,101.9142074584961,110.63111877441406,115.31999969482422,85.77066040039062
2015-06-19,175.75985717773438,101.41033172607422,110.57923126220703,115.12000274658203,86.87223815917969
2015-06-22,176.66030883789062,102.15782928466797,111.34028625488281,113.63999938964844,85.09954833984375
2015-06-23,176.78533935546875,102.24089050292969,111.57379150390625,112.88999938964844,84.58881378173828
2015-06-24,175.5014190673828,101.71483612060547,110.63111877441406,112.58999633789062,85.31837463378906
2015-06-25,174.9678192138672,101.51184844970703,110.5705795288086,112.44000244140625,85.01924896240234
2015-06-26,174.93446350097656,100.83816528320312,110.26789855957031,112.55999755859375,84.06362915039062
2015-06-29,171.2660675048828,98.45722961425781,107.48304748535156,113.06999969482422,86.28865814208984
2015-06-30,171.62454223632812,98.80791473388672,107.98466491699219,112.37000274658203,85.69044494628906
2015-07-01,173.00022888183594,99.59235382080078,108.3046875,111.9800033569336,84.53374481201172
2015-07-02,172.84178161621094,99.62003326416016,107.50477600097656,111.76000213623047,84.81157684326172
2015-07-06,172.34986877441406,99.38931274414062,107.47003936767578,112.05999755859375,86.38355255126953
2015-07-07,173.43380737304688,99.63848876953125,107.59162139892578,110.76000213623047,87.195068359375
2015-07-08,170.52403259277344,97.9035415649414,105.95016479492188,111.08999633789062,87.94816589355469
2015-07-09,170.8324737548828,97.84815216064453,106.3322525024414,111.36000061035156,86.2153549194336
2015-07-10,172.98353576660156,99.34318542480469,107.80872344970703,111.48999786376953,84.84814453125
2015-07-13,174.89285278320312,101.08731079101562,109.02470397949219,110.98999786376953,84.5849380493164
2015-07-14,175.65145874023438,101.75176239013672,109.63262939453125,110.73999786376953,84.86274719238281
2015-07-15,175.5931396484375,101.86251831054688,109.05070495605469,110.16000366210938,85.76203918457031
2015-07-16,177.0021209716797,103.3021469116211,109.7021255493164,109.76000213623047,86.35432434082031
2015-07-17,177.15223693847656,104.8248062133789,109.22444915771484,108.6500015258789,86.80023193359375
2015-07-20,177.243896484375,105.18472290039062,108.63383483886719,105.69999694824219,86.43475341796875
2015-07-21,176.5436248779297,105.1201171875,108.12142944335938,105.37000274658203,86.90267181396484
2015-07-22,176.2267303466797,103.9296646118164,108.52092742919922,104.80000305175781,87.44368743896484
2015-07-23,175.23455810546875,103.54205322265625,107.32240295410156,104.33000183105469,88.53303527832031
2015-07-24,173.4170684814453,102.52696228027344,105.59406280517578,105.3499984741211,88.75240325927734
2015-07-27,172.40821838378906,101.67794799804688,104.71682739257812,104.86000061035156,89.22766876220703
2015-07-28,174.5259552001953,102.55461883544922,105.61141204833984,105.0199966430664,88.57694244384766
2015-07-29,175.72653198242188,102.94222259521484,105.90670013427734,105.16999816894531,88.24798583984375
2015-07-30,175.7682342529297,103.43134307861328,106.21068572998047,104.2699966430664,88.92787170410156
2015-07-31,175.5014190673828,103.31135559082031,106.7925796508789,104.93000030517578,89.58588409423828
2015-08-03,174.90943908691406,102.98838806152344,106.26282501220703,104.0999984741211,90.52891540527344
2015-08-04,174.567626953125,102.7945785522461,106.01092529296875,104.30999755859375,89.81086730957031
2015-08-05,175.1429443359375,103.58820343017578,106.25413513183594,103.93000030517578,89.13672637939453
2015-08-06,173.7089080810547,101.9271240234375,104.82106018066406,104.38999938964844,89.9281005859375
2015-08-07,173.37539672851562,101.79789733886719,104.11758422851562,104.6500015258789,91.1077651977539
2015-08-10,175.55979919433594,102.960693359375,105.31611633300781,105.72000122070312,89.97936248779297
2015-08-11,173.97569274902344,101.64099884033203,104.41287231445312,106.26000213623047,91.40824127197266
2015-08-12,174.1841583251953,101.99169921875,104.2131118774414,107.75,90.9099349975586
2015-08-13,173.96731567382812,101.82559967041016,103.86570739746094,106.86000061035156,90.61686706542969
2015-08-14,174.6009521484375,101.98247528076172,104.53446197509766,106.8499984741211,90.82939910888672
2015-08-17,175.57647705078125,102.83150482177734,105.63748168945312,107.12999725341797,91.23968505859375
2015-08-18,175.06788635253906,102.30546569824219,104.79503631591797,107.11000061035156,90.5216064453125
2015-08-19,173.68386840820312,101.63178253173828,103.70936584472656,108.55000305175781,91.41551971435547
2015-08-20,170.05712890625,98.81715393066406,101.08646392822266,110.44000244140625,92.33873748779297
2015-08-21,164.9380340576172,94.49828338623047,99.90525817871094,111.12999725341797,92.61722564697266
2015-08-24,157.9929962158203,90.86231231689453,96.00565338134766,110.52999877929688,92.58795166015625
2015-08-25,156.13377380371094,90.5208511352539,95.26740264892578,109.16000366210938,91.10047149658203
2015-08-26,162.12831115722656,95.07968139648438,97.69055938720703,107.66999816894531,89.34190368652344
2015-08-27,166.13858032226562,97.48826599121094,99.43624877929688,107.7300033569336,89.3931884765625
2015-08-28,166.14691162109375,97.46981048583984,100.41771697998047,108.69999694824219,89.6570053100586
2015-08-31,164.8046417236328,96.26090240478516,100.05292510986328,108.81999969482422,88.96815490722656
2015-09-01,159.88552856445312,93.25247955322266,97.18682098388672,109.19999694824219,89.60929870605469
2015-09-02,162.92037963867188,95.88252258300781,98.93254852294922,108.62000274658203,88.83824157714844
2015-09-03,163.0370635986328,95.41190338134766,98.77620697021484,107.83999633789062,89.27153015136719
2015-09-04,160.56919860839844,94.27680969238281,98.02931213378906,107.48999786376953,90.0865707397461
2015-09-08,164.6044464111328,96.9345703125,100.27005767822266,107.5199966430664,88.75743103027344
2015-09-09,162.40338134765625,95.84561920166016,99.11492919921875,106.12999725341797,89.18334197998047
2015-09-10,163.28717041015625,96.88841247558594,99.5665512084961,106.37999725341797,88.58122253417969
2015-09-11,164.02920532226562,97.42367553710938,100.03551483154297,106.16000366210938,89.13934326171875
2015-09-14,163.4205780029297,97.12837219238281,99.57524108886719,106.22000122070312,89.27882385253906
2015-09-15,165.4632110595703,98.27268981933594,100.69561767578125,105.9000015258789,87.56782531738281
2015-09-16,166.89727783203125,98.82640075683594,101.56412506103516,107.30999755859375,87.23741912841797
2015-09-17,166.52206420898438,98.86331176757812,101.91152954101562,108.41000366210938,88.30217742919922
2015-09-18,163.80084228515625,97.45720672607422,100.50456237792969,109.20999908447266,89.66065979003906
2015-09-21,164.64736938476562,97.762451171875,100.3221435546875,108.52999877929688,88.1993637084961
2015-09-22,162.51022338867188,96.30083465576172,98.80225372314453,107.79000091552734,89.4256820678711
2015-09-23,162.25045776367188,96.37482452392578,98.50697326660156,108.22000122070312,89.4183120727539
2015-09-24,161.6637725830078,96.0233154296875,98.34194946289062,110.48999786376953,90.0278549194336
2015-09-25,161.62188720703125,95.20921325683594,97.0476303100586,109.80999755859375,89.24950408935547
2015-09-28,157.56561279296875,92.49871063232422,94.330078125,108.41999816894531,90.77684020996094
2015-09-29,157.6577911376953,92.01771545410156,93.65941619873047,107.9800033569336,91.03387451171875
2015-09-30,160.59942626953125,94.13610076904297,95.11399841308594,106.86000061035156,90.71812438964844
2015-10-01,161.0184326171875,94.5616683959961,94.94851684570312,106.7300033569336,91.10515594482422
2015-10-02,163.42373657226562,96.21758270263672,96.35954284667969,108.98999786376953,91.65703582763672
2015-10-05,166.33181762695312,97.59593963623047,98.65898895263672,108.7699966430664,90.41343688964844
2015-10-06,165.76197814941406,97.13338470458984,97.97958374023438,109.86000061035156,90.80345916748047
2015-10-07,167.11961364746094,97.7162094116211,99.71292877197266,109.69999694824219,90.50174713134766
2015-10-08,168.62815856933594,98.104736328125,100.61003875732422,109.13999938964844,89.74382781982422
2015-10-09,168.728759765625,98.54875946044922,100.8104019165039,110.87000274658203,89.97933197021484
2015-10-12,168.88800048828125,98.78929901123047,100.66230773925781,111.30999755859375,90.66361999511719
2015-10-13,167.82362365722656,98.15096282958984,99.28611755371094,111.86000061035156,90.81818389892578
2015-10-14,167.01904296875,97.99372863769531,98.31061553955078,113.80999755859375,91.61292266845703
2015-10-15,169.58351135253906,99.60337829589844,100.66230773925781,113.29000091552734,91.16404724121094
2015-10-16,170.35455322265625,100.01964569091797,100.5316390991211,112.48999786376953,91.19344329833984
2015-10-19,170.43838500976562,100.59320068359375,100.7232666015625,112.0199966430664,90.94326782226562
2015-10-20,170.220458984375,100.07514953613281,100.58392333984375,112.7300033569336,90.38398742675781
2015-10-21,169.1645050048828,99.46458435058594,99.05095672607422,111.7300033569336,91.28177642822266
2015-10-22,172.0222930908203,101.49053955078125,99.92193603515625,111.69000244140625,91.43626403808594
2015-10-23,173.9080047607422,104.33049774169922,100.90619659423828,111.5,90.65628814697266
2015-10-26,173.48057556152344,104.3952865600586,100.21810150146484,111.43000030517578,91.2596664428711
2015-10-27,173.14540100097656,104.60804748535156,99.12065124511719,111.68000030517578,91.48780822753906
2015-10-28,175.11483764648438,105.47761535644531,102.0123519897461,110.77999877929688,91.1198959350586
2015-10-29,175.01425170898438,105.31111907958984,100.92361450195312,109.72000122070312,89.67021942138672
2015-10-30,174.25997924804688,104.83930206298828,100.46198272705078,109.30000305175781,90.34722900390625
2015-11-02,176.32162475585938,106.0234146118164,102.55238342285156,108.58999633789062,89.93202209472656
2015-11-03,176.83287048339844,106.39344787597656,103.08369445800781,106.9800033569336,89.19458770751953
2015-11-04,176.29649353027344,106.4026870727539,103.03144073486328,105.97000122070312,89.2978515625
2015-11-05,176.1204833984375,106.11589813232422,103.10982513427734,105.63999938964844,89.06185150146484
2015-11-06,176.02828979492188,106.18994140625,103.84147644042969,104.0999984741211,87.75658416748047
2015-11-09,174.3856964111328,105.06136322021484,102.62207794189453,104.4000015258789,87.26250457763672
2015-11-10,174.78793334960938,104.79305267333984,102.92691802978516,104.18000030517578,87.52058410644531
2015-11-11,174.10076904296875,104.66356658935547,102.02976989746094,103.83000183105469,87.33617401123047
2015-11-12,171.67037963867188,103.64598083496094,100.0787353515625,103.8499984741211,87.75658416748047
2015-11-13,169.7427978515625,101.61078643798828,99.35578918457031,103.55999755859375,88.25804138183594
2015-11-16,172.32403564453125,103.07240295410156,100.20936584472656,103.70999908447266,88.17691040039062
2015-11-17,172.19833374023438,103.13716888427734,99.82612609863281,102.33999633789062,88.32440185546875
2015-11-18,174.93043518066406,105.11685943603516,101.51587677001953,102.43000030517578,88.50880432128906
2015-11-19,174.7796173095703,105.19084167480469,101.08911895751953,103.55999755859375,89.09870147705078
2015-11-20,175.41653442382812,105.90316772460938,101.74237060546875,103.08999633789062,88.82588195800781
2015-11-23,175.2153778076172,105.59788513183594,102.24755096435547,102.26000213623047,89.09870147705078
2015-11-24,175.4500732421875,105.50537109375,102.99661254882812,102.94000244140625,89.09133911132812
2015-11-25,175.42486572265625,105.59788513183594,103.79792785644531,102.45999908447266,89.2978515625
2015-11-27,175.6260528564453,105.74588012695312,104.18989562988281,101.25,89.2093276977539
2015-11-30,174.89691162109375,105.47761535644531,103.73699188232422,101.91999816894531,89.56330108642578
2015-12-01,176.56463623046875,106.53218841552734,104.42508697509766,102.27999877929688,90.77310943603516
2015-12-02,174.7628173828125,105.87541198730469,103.30146789550781,100.69000244140625,90.80265045166016
2015-12-03,172.31564331054688,104.08074951171875,101.5594482421875,101.76000213623047,88.33435821533203
2015-12-04,175.67630004882812,106.51373291015625,102.58721923828125,104.0199966430664,89.11035919189453
2015-12-07,174.61199951171875,106.03265380859375,101.0455322265625,102.66999816894531,89.97498321533203
2015-12-08,173.43869018554688,106.04187774658203,100.48811340332031,102.83999633789062,90.019287109375
2015-12-09,172.0894012451172,104.4322509765625,99.36449432373047,102.63999938964844,89.9231948852539
2015-12-10,172.53355407714844,104.90406799316406,99.69548797607422,102.55000305175781,90.04146575927734
2015-12-11,169.189697265625,102.48963165283203,97.47440338134766,103.11000061035156,91.46039581298828
2015-12-14,170.04446411132812,103.26668548583984,96.77763366699219,101.79000091552734,90.27793884277344
2015-12-15,171.82958984375,103.89573669433594,98.17122650146484,101.5199966430664,89.745849609375
2015-12-16,174.34378051757812,105.44062805175781,99.66938018798828,102.75,89.55370330810547
2015-12-17,171.68711853027344,103.90499877929688,98.60672760009766,100.5,90.56612396240234
2015-12-18,168.62847900390625,101.91184997558594,97.09992218017578,102.04000091552734,91.06867980957031
2015-12-21,170.01954650878906,103.04387664794922,97.8315658569336,103.1500015258789,91.04651641845703
2015-12-22,171.56234741210938,103.72124481201172,98.72866821289062,102.61000061035156,90.38880920410156
2015-12-23,173.6868438720703,104.49140930175781,99.97423553466797,102.30999755859375,89.70890808105469
2015-12-24,173.40020751953125,104.47284698486328,100.16316986083984,103.05000305175781,90.22289276123047
2015-12-28,173.00396728515625,104.41719818115234,99.69954681396484,102.2699966430664,90.48947143554688
2015-12-29,174.85028076171875,106.0595932006836,100.7755355834961,102.19999694824219,88.98613739013672
2015-12-30,173.6109619140625,105.10382843017578,99.76078796386719,101.41999816894531,88.89724731445312
2015-12-31,171.87425231933594,103.79550170898438,98.51856994628906,101.45999908447266,89.29718017578125
2016-01-04,169.47154235839844,101.60564422607422,96.2353515625,102.88999938964844,89.94145965576172
2016-01-05,169.75816345214844,101.42931365966797,96.4453353881836,103.18000030517578,89.57855987548828
2016-01-06,167.61679077148438,100.45503234863281,94.9756851196289,104.66999816894531,90.78569793701172
2016-01-07,163.59539794921875,97.3094253540039,92.43877410888672,106.1500015258789,90.94865417480469
2016-01-08,161.7997283935547,96.51142883300781,90.8466796875,105.68000030517578,91.35592651367188
2016-01-11,161.95989990234375,96.80841064453125,90.45304870605469,104.73999786376953,90.35612487792969
2016-01-12,163.2666778564453,97.93115234375,90.72420501708984,104.20999908447266,91.65955352783203
2016-01-13,159.19468688964844,94.55355072021484,87.81117248535156,104.72000122070312,92.56304168701172
2016-01-14,161.80816650390625,96.56710815429688,89.02713775634766,103.0199966430664,91.69656372070312
2016-01-15,158.33474731445312,93.5699691772461,87.58372497558594,104.08000183105469,93.12591552734375
2016-01-19,158.5455322265625,93.77409362792969,86.40275573730469,103.9800033569336,92.83702850341797
2016-01-20,156.5137176513672,93.48646545410156,86.76141357421875,105.37000274658203,93.81455993652344
2016-01-21,157.3905487060547,93.5792236328125,86.56021881103516,105.48999786376953,93.17770385742188
2016-01-22,160.6195068359375,96.28873443603516,88.67720031738281,105.0,92.82225036621094
2016-01-25,158.19143676757812,94.85974884033203,86.70893859863281,106.08000183105469,93.3257827758789
2016-01-26,160.34971618652344,95.71343231201172,88.44100189208984,107.29000091552734,93.37028503417969
2016-01-27,158.60459899902344,93.32872772216797,87.22505950927734,107.69000244140625,93.34805297851562
2016-01-28,159.4307098388672,94.64633178710938,87.20758056640625,106.54000091552734,93.48128509521484
2016-01-29,163.3171844482422,96.62278747558594,90.06814575195312,106.94999694824219,94.27375793457031
2016-02-01,163.25819396972656,96.8825912475586,89.6569595336914,108.05000305175781,93.98511505126953
2016-02-02,160.31590270996094,94.7855224609375,87.72368621826172,108.08999633789062,95.7287368774414
2016-02-03,161.27703857421875,94.33085632324219,87.83744049072266,109.25,94.93480682373047
2016-02-04,161.52993774414062,94.32156372070312,88.1785888671875,110.56999969482422,95.39485168457031
2016-02-05,158.45274353027344,91.04605865478516,85.76417541503906,112.31999969482422,95.50609588623047
2016-02-08,156.31983947753906,89.65419006347656,84.35575866699219,113.83000183105469,97.56140899658203
2016-02-09,156.3282470703125,89.37586212158203,83.78714752197266,113.58000183105469,97.6653060913086
2016-02-10,156.1934051513672,89.71918487548828,83.83090209960938,114.45999908447266,98.52596282958984
2016-02-11,154.16163635253906,89.58927154541016,82.92106628417969,119.05999755859375,99.21597290039062
2016-02-12,157.3399658203125,90.95326232910156,84.4957046508789,118.36000061035156,97.5688247680664
2016-02-16,159.99559020996094,93.00396728515625,86.49897766113281,114.7699966430664,96.53751373291016
2016-02-17,162.60910034179688,95.11032104492188,87.85491180419922,115.4800033569336,95.94393157958984
2016-02-18,161.94302368164062,94.02464294433594,87.43498992919922,118.29000091552734,97.12361907958984
2016-02-19,161.86720275878906,94.30300903320312,87.8724136352539,117.58000183105469,97.20525360107422
2016-02-22,164.2108917236328,95.83407592773438,88.8521728515625,115.48999786376953,97.1532974243164
2016-02-23,162.13693237304688,94.2566146850586,88.03860473632812,117.22000122070312,97.54652404785156
2016-02-24,162.87879943847656,95.15670013427734,88.88716888427734,117.61000061035156,97.35367584228516
2016-02-25,164.8515625,96.09387969970703,89.70069122314453,117.91999816894531,97.70237731933594
2016-02-26,164.47225952148438,95.97322845458984,90.26933288574219,117.11000061035156,96.76007843017578
2016-02-29,163.1823272705078,95.11032104492188,89.86691284179688,118.63999938964844,97.18296813964844
2016-03-01,167.0182647705078,98.1631088256836,91.80022430419922,117.7699966430664,95.47171783447266
2016-03-02,167.76856994628906,98.20022583007812,92.74494934082031,118.68000030517578,95.86573791503906
2016-03-03,168.42616271972656,98.01461791992188,93.71598052978516,120.7300033569336,96.21509552001953
2016-03-04,168.97415161132812,98.05174255371094,94.23212432861328,120.54000091552734,95.59814453125
2016-03-07,169.1090545654297,97.44862365722656,95.25562286376953,121.13999938964844,95.56838989257812
2016-03-08,167.26271057128906,96.64131927490234,92.95491790771484,120.58000183105469,96.62393188476562
2016-03-09,168.08897399902344,97.26302337646484,93.42730712890625,119.58000183105469,96.0367202758789
2016-03-10,168.22381591796875,97.11458587646484,92.66622161865234,121.5,95.64273834228516
2016-03-11,170.93841552734375,98.81263732910156,94.65199279785156,119.41000366210938,94.67635345458984
2016-03-14,170.71925354003906,98.97967529296875,94.40706634521484,117.87000274658203,94.97370910644531
2016-03-15,170.44107055664062,98.94252014160156,92.93741607666016,117.95999908447266,95.06290435791016
2016-03-16,171.4274139404297,99.82405853271484,93.59349060058594,120.58999633789062,95.3453598022461
2016-03-17,172.51504516601562,99.76837921142578,95.0281753540039,120.12999725341797,95.7393569946289
2016-03-18,173.1929473876953,99.92472076416016,95.8854751586914,119.80000305175781,95.9400863647461
2016-03-21,173.43869018554688,100.31559753417969,95.65799713134766,118.95999908447266,95.20415496826172
2016-03-22,173.3454132080078,100.62271881103516,95.54428100585938,119.30999755859375,95.18180084228516
2016-03-23,172.20152282714844,99.79441833496094,93.77806854248047,116.61000061035156,96.2597427368164
2016-03-24,172.1251220703125,99.82238006591797,94.05882263183594,116.33000183105469,96.29688262939453
2016-03-28,172.22689819335938,99.6827621459961,94.17291259765625,116.5999984741211,96.42329406738281
2016-03-29,173.8200225830078,101.28349304199219,96.78756713867188,118.76000213623047,97.43424987792969
2016-03-30,174.58265686035156,101.77674102783203,96.7963638305664,117.0999984741211,96.40840148925781
2016-03-31,174.158935546875,101.62784576416016,97.06837463378906,117.63999938964844,97.09233093261719
2016-04-01,175.3453369140625,102.70740509033203,97.49829864501953,116.93000030517578,97.34558868408203
2016-04-04,174.77755737304688,102.3165283203125,96.68231964111328,116.1500015258789,97.40515899658203
2016-04-05,173.03189086914062,101.33003997802734,95.58555603027344,117.66000366210938,98.47042846679688
2016-04-06,174.92166137695312,102.99590301513672,96.66474151611328,116.94000244140625,97.75525665283203
2016-04-07,172.82850646972656,101.51615905761719,95.35737609863281,118.61000061035156,98.9620590209961
2016-04-08,173.2946014404297,101.44168090820312,95.73468780517578,118.43000030517578,98.3363037109375
2016-04-11,172.88784790039062,101.06944274902344,95.43639373779297,120.02999877929688,98.20970916748047
2016-04-12,174.49789428710938,101.9163589477539,96.46294403076172,120.05000305175781,97.53180694580078
2016-04-13,176.26048278808594,103.21926879882812,98.54240417480469,118.7699966430664,97.87450408935547
2016-04-14,176.2689971923828,103.22854614257812,98.41959381103516,117.11000061035156,97.40515899658203
2016-04-15,176.07408142089844,102.96797943115234,98.6652603149414,117.91999816894531,98.23947143554688
2016-04-18,177.31134033203125,103.51707458496094,99.41107940673828,117.73999786376953,97.81488800048828
2016-04-19,177.87062072753906,102.88423156738281,99.49002075195312,119.58000183105469,97.50942993164062
2016-04-20,178.04006958007812,102.96797943115234,99.6391830444336,118.97000122070312,96.43675994873047
2016-04-21,177.08253479003906,102.97728729248047,99.13904571533203,119.41999816894531,95.86322021484375
2016-04-22,177.08253479003906,101.42308807373047,100.12177276611328,117.88999938964844,95.61736297607422
2016-04-25,176.7774200439453,101.42308807373047,99.41107940673828,118.2300033569336,95.22256469726562
2016-04-26,177.04010009765625,100.92984771728516,100.3849868774414,118.69999694824219,94.79053497314453
2016-04-27,177.40451049804688,100.12017059326172,100.73595428466797,119.04000091552734,95.73656463623047
2016-04-28,175.79441833496094,98.91031646728516,99.58653259277344,121.29000091552734,96.13134002685547
2016-04-29,174.84535217285156,98.38914489746094,98.69155883789062,123.6500015258789,96.37718963623047
2016-05-02,176.23512268066406,99.3198013305664,99.56900787353516,123.23999786376953,95.40686798095703
2016-05-03,174.7013397216797,98.39845275878906,97.93701934814453,122.95999908447266,96.60855102539062
2016-05-04,173.7267608642578,97.76560974121094,97.12977600097656,122.20999908447266,97.13853454589844
2016-05-05,173.69285583496094,97.73768615722656,96.74370574951172,122.06999969482422,97.78789520263672
2016-05-06,174.32843017578125,98.25887298583984,97.31403350830078,123.18000030517578,97.3698959350586
2016-05-09,174.4724884033203,98.53804779052734,97.5948257446289,120.6500015258789,97.67597198486328
2016-05-10,176.6418914794922,99.88752746582031,98.57749938964844,120.9800033569336,97.68342590332031
2016-05-11,174.9894561767578,98.98474884033203,97.35787963867188,122.12000274658203,98.23577880859375
2016-05-12,175.040283203125,98.54736328125,96.84024047851562,121.16000366210938,97.78789520263672
2016-05-13,173.51492309570312,98.18441772460938,96.19972229003906,121.70999908447266,98.73583984375
2016-05-16,175.22666931152344,99.41288757324219,97.41934204101562,121.80000305175781,97.88492584228516
2016-05-17,173.59120178222656,98.16578674316406,95.87507629394531,122.22000122070312,98.04914855957031
2016-05-18,173.6420135498047,98.51945495605469,96.37520599365234,120.0999984741211,96.65332794189453
2016-05-19,173.04037475585938,98.00758361816406,95.60308074951172,119.87000274658203,97.07135772705078
2016-05-20,174.13348388671875,99.0871353149414,97.20875549316406,119.70999908447266,97.1459732055664
2016-05-23,173.89625549316406,98.95683288574219,97.09468841552734,119.37000274658203,97.36250305175781
2016-05-24,176.15032958984375,100.93914031982422,99.09517669677734,117.30000305175781,96.92953491210938
2016-05-25,177.34521484375,101.66505432128906,99.67428588867188,116.9800033569336,96.56381225585938
2016-05-26,177.3960723876953,101.96286010742188,99.56024169921875,116.58000183105469,97.0638656616211
2016-05-27,178.15870666503906,102.49332427978516,100.55169677734375,115.62000274658203,96.92208099365234
2016-05-31,177.81973266601562,102.68877410888672,100.90267181396484,116.05999755859375,97.15340423583984
2016-06-01,178.1841583251953,102.69811248779297,101.58705139160156,115.94000244140625,97.54761505126953
2016-06-02,178.72645568847656,102.91213989257812,102.36795806884766,115.66999816894531,98.25069427490234
2016-06-03,178.19259643554688,102.42819213867188,101.75373840332031,118.87999725341797,99.64936065673828
2016-06-06,179.09930419921875,102.80046844482422,102.85054016113281,118.91999816894531,98.90890502929688
2016-06-07,179.3789520263672,102.53984832763672,103.14884948730469,118.81999969482422,99.14826202392578
2016-06-08,179.96365356445312,102.71672821044922,103.91220092773438,120.58000183105469,99.67927551269531
2016-06-09,179.71792602539062,102.5491714477539,103.24535369873047,121.25,100.3225326538086
2016-06-10,178.01466369628906,101.38585662841797,101.84152221679688,121.73999786376953,100.80867004394531
2016-06-13,176.6418914794922,100.53897094726562,100.73595428466797,122.63999938964844,101.2574462890625
2016-06-14,176.29441833496094,100.53897094726562,100.44641876220703,122.7699966430664,101.18267059326172
2016-06-15,176.04867553710938,100.25045013427734,100.5166015625,123.68000030517578,101.57161712646484
2016-06-16,176.5740509033203,100.54824829101562,100.5078353881836,122.37999725341797,102.06525421142578
2016-06-17,175.91641235351562,99.36969757080078,100.07791137695312,123.94999694824219,101.42948913574219
2016-06-20,177.04931640625,99.99492645263672,101.16588592529297,123.20999908447266,100.34496307373047
2016-06-21,177.5519561767578,100.31219482421875,100.97288513183594,120.83999633789062,99.88125610351562
2016-06-22,177.2623291015625,100.06954956054688,100.5780029296875,120.9000015258789,100.0457763671875
2016-06-23,179.5706787109375,101.49726867675781,102.49954986572266,120.11000061035156,98.90140533447266
2016-06-24,173.12252807617188,97.31681823730469,98.60382843017578,126.0,101.55665588378906
2016-06-27,170.0219268798828,95.38522338867188,95.3661880493164,126.68000030517578,104.09219360351562
2016-06-28,173.0884246826172,97.47547912597656,96.84024047851562,125.31999969482422,104.30908966064453
2016-06-29,176.03573608398438,99.2017593383789,99.04253387451172,125.83999633789062,103.5087890625
2016-06-30,178.4378204345703,100.3495101928711,100.8851089477539,126.47000122070312,103.8902587890625
2016-07-01,178.8126220703125,100.85340118408203,101.2448501586914,128.41000366210938,105.3327407836914
2016-07-05,177.52639770507812,100.2375259399414,99.75326538085938,129.47000122070312,106.65145111083984
2016-07-06,178.59115600585938,101.0587158203125,100.47757720947266,130.22999572753906,106.82386016845703
2016-07-07,178.4804229736328,101.35729217529297,100.68930053710938,129.74000549316406,106.81635284423828
2016-07-08,181.13803100585938,102.92496490478516,103.03604125976562,130.52000427246094,107.60319519042969
2016-07-11,181.77696228027344,103.5128402709961,104.22706604003906,129.2899932861328,106.65897369384766
2016-07-12,183.0972137451172,104.0354232788086,105.62096405029297,127.1500015258789,104.90560913085938
2016-07-13,183.0717010498047,103.78343963623047,105.20633697509766,128.32000732421875,106.1419677734375
2016-07-14,184.0938720703125,104.49263763427734,105.31221008300781,127.33000183105469,104.5983657836914
2016-07-15,183.84681701660156,104.32466125488281,105.60332489013672,126.83999633789062,103.69918060302734
2016-07-18,184.34085083007812,105.01519775390625,105.77977752685547,127.04000091552734,103.60172271728516
2016-07-19,184.15350341796875,104.63262176513672,105.25044250488281,127.20999908447266,104.18621063232422
2016-07-20,184.9201202392578,105.85502624511719,105.9385986328125,125.38999938964844,103.61668395996094
2016-07-21,184.22164916992188,105.6124038696289,105.43574523925781,127.30000305175781,103.82660675048828
2016-07-22,185.0479278564453,106.05097198486328,106.22091674804688,126.3499984741211,104.0063705444336
2016-07-25,184.54531860351562,106.06031036376953,106.06209564208984,125.47000122070312,103.93148040771484
2016-07-26,184.63047790527344,106.18162536621094,106.57379913330078,126.0,104.09629821777344
2016-07-27,184.4346160888672,106.91877746582031,106.87373352050781,128.02999877929688,105.39264678955078
2016-07-28,184.64759826660156,107.29203796386719,106.60028076171875,127.66000366210938,105.19779968261719
2016-07-29,184.94569396972656,107.52532196044922,106.81201171875,128.97999572753906,106.07450866699219
2016-08-01,184.79237365722656,108.09455108642578,106.90020751953125,129.22000122070312,104.9244155883789
2016-08-02,183.6083526611328,107.27338409423828,105.40923309326172,130.27000427246094,103.84346008300781
2016-08-03,184.1449737548828,107.62797546386719,106.26500701904297,129.64999389648438,103.90354919433594
2016-08-04,184.34085083007812,107.9359359741211,106.36204528808594,129.8699951171875,104.68427276611328
2016-08-05,185.8485870361328,108.97167205810547,107.89717102050781,127.55000305175781,103.59573364257812
2016-08-08,185.73789978027344,108.85042572021484,107.84417724609375,127.44000244140625,103.79086303710938
2016-08-09,185.8485870361328,109.10231018066406,107.95889282226562,127.95999908447266,104.8118667602539
2016-08-10,185.3886260986328,108.8224105834961,107.18254089355469,128.55999755859375,105.21721649169922
2016-08-11,186.2489471435547,109.28895568847656,107.69425201416016,127.66999816894531,104.27890014648438
2016-08-12,186.08712768554688,109.36358642578125,107.80008697509766,127.4000015258789,105.15717315673828
2016-08-15,186.62376403808594,109.83016967773438,108.86761474609375,127.83999633789062,104.16627502441406
2016-08-16,185.66123962402344,109.22366333007812,107.98536682128906,128.47000122070312,103.88850402832031
2016-08-17,186.01046752929688,109.41961669921875,107.66777038574219,128.5,104.5115737915039
2016-08-18,186.42782592773438,109.44758605957031,108.46175384521484,129.11000061035156,104.67671966552734
2016-08-19,186.15525817871094,109.41961669921875,108.46175384521484,127.97000122070312,104.1286849975586
2016-08-22,186.146728515625,109.5035629272461,108.70878601074219,127.77999877929688,105.00704956054688
2016-08-23,186.52154541015625,109.69952392578125,109.46751403808594,127.76000213623047,105.11967468261719
2016-08-24,185.56752014160156,108.99034881591797,108.57648468017578,126.33999633789062,104.8719482421875
2016-08-25,185.4397430419922,108.81304931640625,108.78819274902344,126.2300033569336,104.47406768798828
2016-08-26,185.09048461914062,108.97167205810547,108.56763458251953,126.05000305175781,103.8659896850586
2016-08-29,186.00193786621094,109.1209945678711,109.13227081298828,126.30000305175781,105.25482177734375
2016-08-30,185.6952667236328,108.76641082763672,109.33518981933594,125.02999877929688,104.84939575195312
2016-08-31,185.16714477539062,108.6544189453125,108.71763610839844,124.77999877929688,104.99954223632812
2016-09-01,185.1757049560547,108.93435668945312,108.79700469970703,125.29000091552734,105.11531829833984
2016-09-02,186.01046752929688,109.28895568847656,109.84689331054688,126.56999969482422,104.25797271728516
2016-09-06,186.57266235351562,109.97016143798828,109.95276641845703,128.7100067138672,105.01753234863281
2016-09-07,186.5556182861328,110.03547668457031,110.64087677001953,128.27000427246094,104.94234466552734
2016-09-08,186.12973022460938,109.39160919189453,110.42032623291016,127.58999633789062,103.62626647949219
2016-09-09,181.67469787597656,106.63882446289062,106.97080993652344,126.75,101.9190673828125
2016-09-12,184.28128051757812,108.5517807006836,108.46175384521484,126.58999633789062,101.97174072265625
2016-09-13,181.63217163085938,107.58131408691406,106.37971496582031,125.75,100.81356048583984
2016-09-14,181.56398010253906,108.09455108642578,106.39735412597656,126.18000030517578,100.9640121459961
2016-09-15,183.37835693359375,109.77420043945312,107.66777038574219,125.37000274658203,100.5278091430664
2016-09-16,182.66944885253906,109.7218246459961,107.50894927978516,125.05999755859375,101.34002685546875
2016-09-19,182.7036895751953,109.24471282958984,108.22355651855469,125.31999969482422,101.00908660888672
2016-09-20,182.71229553222656,109.45050811767578,107.7647933959961,125.44000244140625,101.36255645751953
2016-09-21,184.76698303222656,110.52631378173828,109.32634735107422,127.2699966430664,102.18230438232422
2016-09-22,185.93124389648438,111.40565490722656,110.896728515625,127.56999969482422,102.99458312988281
2016-09-23,184.91253662109375,110.69470977783203,110.11156463623047,127.6500015258789,102.89675903320312
2016-09-26,183.41432189941406,109.76856994628906,109.01809692382812,127.55000305175781,103.55108642578125
2016-09-27,184.55294799804688,110.85372161865234,109.46044158935547,126.62000274658203,104.31060791015625
2016-09-28,185.46897888183594,111.04080200195312,110.30086517333984,126.22000122070312,104.08502960205078
2016-09-29,183.7909393310547,110.23632049560547,108.69075012207031,126.06999969482422,104.3482894897461
2016-09-30,185.1779022216797,111.0595474243164,109.88508605957031,125.63999938964844,103.41570281982422
2016-10-03,184.7327423095703,110.90050506591797,109.5400619506836,125.31999969482422,103.07441711425781
2016-10-04,183.7909393310547,110.73214721679688,109.0003890991211,120.97000122070312,101.86892700195312
2016-10-05,184.60426330566406,111.12503051757812,109.65505981445312,120.77999877929688,101.39425659179688
2016-10-06,184.7327423095703,111.06889343261719,109.5400619506836,119.66000366210938,100.82919311523438
2016-10-07,184.0991973876953,110.82564544677734,108.66423034667969,119.73999786376953,100.89705657958984
2016-10-10,185.0580596923828,111.52725219726562,109.96469116210938,120.16000366210938,100.3018569946289
2016-10-11,182.72080993652344,109.93695068359375,107.95650482177734,119.55000305175781,100.0758285522461
2016-10-12,182.9605712890625,109.84342193603516,107.86802673339844,119.73999786376953,100.17375183105469
2016-10-13,182.3612823486328,109.45050811767578,106.97449493408203,120.02999877929688,100.55047607421875
2016-10-14,182.4554443359375,109.58146667480469,106.54103088378906,119.36000061035156,99.1416015625
2016-10-17,181.8219757080078,109.28216552734375,106.41717529296875,119.68000030517578,99.77444458007812
2016-10-18,182.9605712890625,110.2550277709961,107.02760314941406,120.41999816894531,100.09841918945312
2016-10-19,183.44857788085938,110.24566650390625,107.47874450683594,121.11000061035156,100.1812515258789
2016-10-20,183.1060791015625,110.11470031738281,107.1602783203125,120.73999786376953,100.28679656982422
2016-10-21,183.191650390625,110.52631378173828,107.1072006225586,120.83000183105469,100.43744659423828
2016-10-24,183.97076416015625,111.85470581054688,107.78839111328125,120.55999755859375,100.00045013427734
2016-10-25,183.35443115234375,111.49921417236328,106.98336791992188,121.47000122070312,100.2641372680664
2016-10-26,182.98623657226562,110.741455078125,105.92174530029297,120.79000091552734,99.58609008789062
2016-10-27,182.49826049804688,110.23632049560547,104.7097396850586,121.01000213623047,98.50117492675781
2016-10-28,181.9589080810547,109.54405975341797,104.41781616210938,121.58000183105469,98.2826919555664
2016-10-31,181.96746826171875,109.441162109375,104.83360290527344,121.94000244140625,98.88540649414062
2016-11-01,180.64906311035156,108.6179428100586,103.55079650878906,122.7300033569336,98.89295196533203
2016-11-02,179.56179809570312,107.74796295166016,102.23265075683594,123.63999938964844,99.32319641113281
2016-11-03,178.73988342285156,106.69084930419922,101.73723602294922,124.30000305175781,98.56082153320312
2016-11-04,178.54298400878906,106.3166732788086,102.39189910888672,124.38999938964844,99.44402313232422
2016-11-07,182.48114013671875,108.84248352050781,104.89554595947266,122.1500015258789,98.59857177734375
2016-11-08,183.302978515625,109.55342102050781,105.16975402832031,121.63999938964844,98.1985092163086
2016-11-09,185.24639892578125,110.05857849121094,108.40765380859375,121.55999755859375,94.03172302246094
2016-11-10,185.70867919921875,108.28117370605469,110.14163208007812,119.75,92.6427993774414
2016-11-11,185.28062438964844,108.32794189453125,112.67179107666016,117.0999984741211,92.1219711303711
2016-11-14,185.4261474609375,107.2334213256836,114.25532531738281,116.11000061035156,91.57093811035156
2016-11-15,186.8729705810547,108.72086334228516,114.60924530029297,117.12000274658203,92.02383422851562
2016-11-16,186.52197265625,109.36632537841797,114.60035705566406,116.7699966430664,92.85417938232422
2016-11-17,187.48085021972656,110.16148376464844,115.27272033691406,116.16999816894531,91.48787689208984
2016-11-18,187.06138610839844,109.7498779296875,115.88317108154297,115.1500015258789,91.22369384765625
2016-11-21,188.4739532470703,110.89115142822266,116.42279815673828,115.58000183105469,91.4501953125
2016-11-22,188.8420867919922,111.2279281616211,117.48442077636719,115.54000091552734,91.41992950439453
2016-11-23,188.94482421875,110.77888488769531,118.21867370605469,113.25,91.06514739990234
2016-11-25,189.64683532714844,111.13439178466797,118.60792541503906,112.61000061035156,91.20106506347656
2016-11-28,188.75648498535156,110.88176727294922,117.0686264038086,113.80000305175781,91.8728256225586
2016-11-29,189.12464904785156,111.26531982421875,117.00670623779297,113.2699966430664,92.25785064697266
2016-11-30,188.6708984375,109.91825103759766,116.43165588378906,111.75,90.76324462890625
2016-12-01,187.9774169921875,108.01923370361328,115.8654556274414,111.54000091552734,89.80491638183594
2016-12-02,188.07162475585938,108.23441314697266,115.80354309082031,112.13999938964844,90.46292114257812
2016-12-05,189.20156860351562,109.0763168334961,117.79403686523438,111.54000091552734,90.3646011352539
2016-12-06,189.80091857910156,109.3382339477539,119.06793212890625,111.43000030517578,90.29651641845703
2016-12-07,192.28372192382812,110.7227554321289,120.22689056396484,111.83000183105469,91.06805419921875
2016-12-08,192.75454711914062,110.91922760009766,122.1200942993164,111.56999969482422,89.99403381347656
2016-12-09,193.9188690185547,111.7891845703125,122.35893249511719,110.4000015258789,88.87456512451172
2016-12-12,193.69627380371094,111.2840347290039,121.06734466552734,110.81999969482422,89.04092407226562
2016-12-13,194.98898315429688,112.68724822998047,121.0761947631836,110.44999694824219,89.35867309570312
2016-12-14,193.37953186035156,112.45338439941406,119.56338500976562,108.83000183105469,88.3602294921875
2016-12-15,194.17572021484375,112.63116455078125,120.45691680908203,107.33999633789062,88.80648040771484
2016-12-16,193.79595947265625,112.21360778808594,120.23570251464844,108.05000305175781,88.60224151611328
2016-12-19,194.21788024902344,112.67334747314453,121.0230941772461,108.58999633789062,89.5552749633789
2016-12-20,194.9670867919922,113.1049575805664,122.04934692382812,107.79000091552734,89.10901641845703
2016-12-21,194.424560546875,113.02050018310547,121.25308990478516,107.8499984741211,89.50238037109375
2016-12-22,194.08871459960938,112.7015151977539,120.20762634277344,107.58999633789062,89.34231567382812
2016-12-23,194.37290954589844,112.77655792236328,120.84715270996094,107.93000030517578,89.52435302734375
2016-12-27,194.8551788330078,113.3582763671875,121.38906860351562,108.55999755859375,89.23615264892578
2016-12-28,193.24476623535156,112.476318359375,120.14537048339844,108.86000061035156,89.88839721679688
2016-12-29,193.20175170898438,112.31683349609375,120.2519760131836,110.29000091552734,90.20684051513672
2016-12-30,192.49554443359375,111.16281127929688,119.79006958007812,109.61000061035156,90.34337615966797
2017-01-03,193.96812438964844,112.15731048583984,120.38525390625,110.47000122070312,90.73015594482422
2017-01-04,195.12213134765625,112.76718139648438,122.39280700683594,110.86000061035156,91.0789566040039
2017-01-05,194.9670867919922,113.40516662597656,120.98041534423828,112.58000183105469,92.50472259521484
2017-01-06,195.66465759277344,114.39971160888672,120.5362548828125,111.75,91.65533447265625
2017-01-09,195.0187530517578,114.77499389648438,119.74562072753906,112.66999816894531,92.39094543457031
2017-01-10,195.0187530517578,115.0283432006836,120.8915786743164,113.1500015258789,92.33031463623047
2017-01-11,195.5699005126953,115.33796691894531,121.10474395751953,113.5,92.64118957519531
2017-01-12,195.07901000976562,115.15967559814453,120.17201232910156,113.91000366210938,92.43640899658203
2017-01-13,195.52682495117188,115.55374145507812,121.04255676269531,114.20999908447266,91.9966049194336
2017-01-17,194.83790588378906,115.20661163330078,119.39918518066406,115.8499984741211,92.95967864990234
2017-01-18,195.2684783935547,115.4411392211914,119.79006958007812,114.87000274658203,91.76908111572266
2017-01-19,194.54510498046875,115.38490295410156,118.8128890991211,114.7699966430664,91.13964080810547
2017-01-20,195.2598876953125,115.63817596435547,119.42582702636719,115.05000305175781,90.9576416015625
2017-01-23,194.75180053710938,115.7320327758789,118.92835235595703,115.79000091552734,91.86761474609375
2017-01-24,196.00050354003906,116.51075744628906,120.74939727783203,115.2699966430664,91.2382583618164
2017-01-25,197.69699096679688,117.68351745605469,121.88648986816406,114.31999969482422,90.09308624267578
2017-01-26,197.49029541015625,117.8055191040039,121.39785766601562,113.26000213623047,90.39643859863281
2017-01-27,197.1802520751953,118.03070831298828,120.98041534423828,113.48999786376953,90.7225341796875
2017-01-30,195.9574737548828,117.11124420166016,119.29261779785156,113.97000122070312,90.44954681396484
2017-01-31,195.94020080566406,116.87671661376953,120.12761688232422,115.55000305175781,91.0789566040039
2017-02-01,196.0177459716797,117.68351745605469,120.0565414428711,115.19999694824219,90.51583099365234
2017-02-02,196.14694213867188,117.58036804199219,119.7545166015625,115.83999633789062,90.47783660888672
2017-02-03,197.49891662597656,117.91810607910156,121.5844497680664,116.12999725341797,90.43983459472656
2017-02-06,197.1458282470703,118.058837890625,120.66948699951172,117.69999694824219,90.98699951171875
2017-02-07,197.1544647216797,118.4904556274414,120.13646697998047,117.45999908447266,91.65579223632812
2017-02-08,197.41278076171875,118.68746185302734,119.92327880859375,118.19000244140625,92.90222930908203
2017-02-09,198.583984375,119.11907196044922,121.611083984375,117.29000091552734,91.83062744140625
2017-02-10,199.36764526367188,119.51313018798828,122.53495788574219,117.5999984741211,91.77742004394531
2017-02-13,200.45269775390625,120.18864440917969,122.85476684570312,116.80000305175781,91.48860931396484
2017-02-14,201.25357055664062,120.59212493896484,123.26338958740234,116.93000030517578,90.82746124267578
2017-02-15,202.30418395996094,121.3051528930664,124.00065612792969,117.44999694824219,90.40940856933594
2017-02-16,202.1320037841797,121.26763153076172,123.65423583984375,118.08000183105469,90.9034194946289
2017-02-17,202.4506072998047,121.79306030273438,123.5743179321289,117.68000030517578,91.44303894042969
2017-02-21,203.6562042236328,122.39353942871094,124.54249572753906,117.75,91.28341674804688
2017-02-22,203.4754180908203,122.44038391113281,123.9917984008789,117.91000366210938,91.43545532226562
2017-02-23,203.6132049560547,121.98067474365234,123.25448608398438,118.94000244140625,91.70899200439453
2017-02-24,203.8715362548828,122.21527099609375,123.16565704345703,119.69999694824219,92.72742462158203
2017-02-27,204.1901397705078,122.36537170410156,124.36489868164062,119.12000274658203,92.18022918701172
2017-02-28,203.63900756835938,121.99008178710938,122.44615173339844,119.2300033569336,92.52220916748047
2017-03-01,206.4894561767578,123.32237243652344,124.68472290039062,119.05999755859375,90.97188568115234
2017-03-02,205.1890869140625,122.70313262939453,123.25448608398438,117.58000183105469,90.64447784423828
2017-03-03,205.3182373046875,122.92833709716797,123.16565704345703,117.51000213623047,90.88050079345703
2017-03-06,204.70680236816406,122.65623474121094,122.32173156738281,116.72000122070312,90.44647216796875
2017-03-07,204.09542846679688,122.4498062133789,121.52227783203125,115.77999877929688,90.17233276367188
2017-03-08,203.71649169921875,122.6656265258789,120.72279357910156,115.05999755859375,89.68498229980469
2017-03-09,203.974853515625,122.75944519042969,120.24309539794922,114.47000122070312,88.96923828125
2017-03-10,204.6896514892578,123.27549743652344,120.77606964111328,114.72000122070312,89.28141784667969
2017-03-13,204.79296875,123.48187255859375,121.0603256225586,114.73999786376953,88.71795654296875
2017-03-14,204.00929260253906,123.18162536621094,120.48290252685547,114.12000274658203,89.14434051513672
2017-03-15,205.77462768554688,123.94163513183594,122.34838104248047,116.25,90.23326110839844
2017-03-16,205.3699188232422,123.85719299316406,122.50829315185547,116.7300033569336,89.7763900756836
2017-03-17,205.00926208496094,123.81393432617188,122.99687957763672,116.98999786376953,90.3398666381836
2017-03-20,204.78439331054688,123.92674255371094,122.46391296386719,117.51000213623047,90.72822570800781
2017-03-21,202.15509033203125,122.04635620117188,119.00829315185547,118.54000091552734,91.48208618164062
2017-03-22,202.6307830810547,122.87373352050781,119.03498077392578,118.83000183105469,91.84754180908203
2017-03-23,202.41456604003906,122.5634765625,119.72785949707031,118.66999816894531,91.7181396484375
2017-03-24,202.26751708984375,122.81730651855469,119.81429290771484,118.86000061035156,92.04553985595703
2017-03-27,202.0598907470703,123.01477813720703,120.03700256347656,119.52999877929688,92.46434020996094
2017-03-28,203.53030395507812,123.76692962646484,120.97242736816406,119.04000091552734,91.84754180908203
2017-03-29,203.72056579589844,124.34043884277344,121.3643798828125,119.33000183105469,92.39580535888672
2017-03-30,204.36923217773438,124.54727172851562,122.28202819824219,118.47000122070312,91.64958190917969
2017-03-31,203.8936004638672,124.46268463134766,122.47801971435547,118.72000122070312,91.91612243652344
2017-04-03,203.53892517089844,124.38746643066406,121.18618774414062,119.3499984741211,92.84325408935547
2017-04-04,203.66864013671875,124.58488464355469,121.0437240600586,119.62000274658203,92.33963012695312
2017-04-05,203.06324768066406,124.07719421386719,119.67176818847656,119.62000274658203,92.62194061279297
2017-04-06,203.63404846191406,124.14299774169922,120.78535461425781,119.18000030517578,92.48456573486328
2017-04-07,203.42654418945312,124.07719421386719,120.73191833496094,119.45999908447266,92.1106948852539
2017-04-10,203.54754638671875,124.1241683959961,120.99916076660156,119.45999908447266,92.53799438476562
2017-04-11,203.30535888671875,123.58827209472656,121.96127319335938,121.19000244140625,93.4155044555664
2017-04-12,202.41456604003906,123.09000396728516,120.30425262451172,122.0199966430664,93.92678833007812
2017-04-13,201.09986877441406,122.60107421875,119.1282958984375,122.5999984741211,94.21678161621094
2017-04-17,202.881591796875,123.61650085449219,120.52698516845703,122.23999786376953,93.92678833007812
2017-04-18,202.27615356445312,123.4284439086914,120.55377197265625,122.81999969482422,95.15531921386719
2017-04-19,201.9042205810547,123.62592315673828,120.97242736816406,121.7300033569336,94.63645935058594
2017-04-20,203.54754638671875,124.66011810302734,122.5136489868164,121.95999908447266,94.27017211914062
2017-04-21,202.89886474609375,124.63191223144531,122.23748016357422,122.30999755859375,94.27017211914062
2017-04-24,205.13035583496094,126.13619995117188,123.76083374023438,121.4800033569336,93.8046875
2017-04-25,206.32394409179688,127.04821014404297,124.96353149414062,120.25,92.67536163330078
2017-04-26,206.1942138671875,126.86952209472656,125.60497283935547,120.83999633789062,93.18659973144531
2017-04-27,206.36717224121094,127.631103515625,125.56937408447266,120.38999938964844,93.15607452392578
2017-04-28,205.91738891601562,127.85677337646484,123.88557434082031,120.7699966430664,93.36212921142578
2017-05-01,206.43638610839844,128.994384765625,124.59829711914062,119.66999816894531,92.58601379394531
2017-05-02,206.5142364501953,129.21066284179688,123.96575927734375,119.6500015258789,93.06007385253906
2017-05-03,206.26336669921875,128.79696655273438,123.19956970214844,117.9800033569336,93.12122344970703
2017-05-04,206.5055694580078,128.8439483642578,123.03031158447266,116.79000091552734,92.66243743896484
2017-05-05,207.31858825683594,129.31407165527344,123.8232192993164,117.01000213623047,92.74655151367188
2017-05-08,207.28395080566406,129.59609985351562,123.30653381347656,116.75,92.24190521240234
2017-05-09,207.0936737060547,130.04745483398438,123.25308990478516,116.05000305175781,92.23424530029297
2017-05-10,207.46559143066406,130.12258911132812,124.01923370361328,116.04000091552734,92.12718200683594
2017-05-11,207.04180908203125,130.0192108154297,123.15510559082031,116.5,92.12718200683594
2017-05-12,206.6958465576172,130.3106689453125,122.5047378540039,116.83000183105469,92.8230209350586
2017-05-15,207.8375244140625,130.72438049316406,123.4580078125,117.13999938964844,92.57067108154297
2017-05-16,207.64724731445312,131.26962280273438,123.50250244140625,117.6500015258789,92.91478729248047
2017-05-17,203.96275329589844,127.93201446533203,120.17066192626953,119.79000091552734,94.26828002929688
2017-05-18,204.78439331054688,129.05079650878906,120.60717010498047,118.80999755859375,94.37532806396484
2017-05-19,206.1163330078125,129.59609985351562,121.18618774414062,119.4000015258789,94.59705352783203
2017-05-22,207.16287231445312,130.6867218017578,122.00582885742188,119.9000015258789,94.33706665039062
2017-05-23,207.6212921142578,130.81837463378906,122.40673828125,119.13999938964844,93.70243072509766
2017-05-24,208.1056365966797,131.42007446289062,122.4869155883789,119.61000061035156,94.23002624511719
2017-05-25,209.1002197265625,132.5389404296875,122.56709289550781,119.4800033569336,94.2605972290039
2017-05-26,209.0570526123047,132.77401733398438,122.53144073486328,120.54000091552734,94.42118835449219
2017-05-30,208.8754119873047,132.8867950439453,121.56930541992188,120.13999938964844,94.88761901855469
2017-05-31,208.823486328125,132.8397979736328,121.44457244873047,120.62000274658203,95.12470245361328
2017-06-01,210.48416137695312,133.35690307617188,123.78758239746094,120.72000122070312,95.13462829589844
2017-06-02,211.18472290039062,134.87998962402344,124.58938598632812,121.61000061035156,96.26105499267578
2017-06-05,211.02906799316406,134.851806640625,123.81432342529297,121.7300033569336,95.66334533691406
2017-06-06,210.35443115234375,134.3158416748047,123.6985092163086,123.0999984741211,96.18444061279297
2017-06-07,210.74359130859375,134.84242248535156,123.81432342529297,122.44999694824219,95.72468566894531
2017-06-08,210.84738159179688,134.9833984375,125.50703430175781,121.6500015258789,95.47183227539062
2017-06-09,210.52740478515625,131.60812377929688,126.15730285644531,120.54000091552734,95.32622528076172
2017-06-12,210.48416137695312,130.9029998779297,125.95246124267578,120.36000061035156,95.29558563232422
2017-06-13,211.51339721679688,131.9654083251953,126.59387969970703,120.4800033569336,95.31089782714844
2017-06-14,211.24526977539062,131.3918914794922,125.84548950195312,119.81999969482422,96.78218841552734
2017-06-15,210.83876037597656,130.8089599609375,125.20406341552734,119.31999969482422,96.62892150878906
2017-06-16,210.88478088378906,130.24143981933594,124.89229583740234,119.33999633789062,96.82048797607422
2017-06-19,212.64044189453125,132.419189453125,125.81876373291016,118.43000030517578,96.68255615234375
2017-06-20,211.20639038085938,131.38218688964844,124.5447998046875,118.18000030517578,97.54846954345703
2017-06-21,211.1542205810547,132.68316650390625,124.2330551147461,118.5199966430664,97.74767303466797
2017-06-22,211.05862426757812,132.64541625976562,124.7051773071289,118.91999816894531,97.96223449707031
2017-06-23,211.3106689453125,133.1544952392578,125.53370666503906,119.43000030517578,97.91625213623047
2017-06-26,211.44981384277344,132.5323028564453,125.6852035522461,118.36000061035156,98.2840805053711
2017-06-27,209.74627685546875,130.12828063964844,124.58045196533203,118.80999755859375,97.23428344726562
2017-06-28,211.6236114501953,132.00437927246094,126.4869384765625,118.9000015258789,96.9124526977539
2017-06-29,209.76361083984375,129.71348571777344,125.73861694335938,118.31999969482422,96.10016632080078
2017-06-30,210.15480041503906,129.7606201171875,125.54261779785156,118.0199966430664,95.87797546386719
2017-07-03,210.5110626220703,128.39358520507812,126.59387969970703,116.08999633789062,95.56919860839844
2017-07-05,210.99777221679688,129.65696716308594,126.13951110839844,116.5199966430664,95.59233856201172
2017-07-06,209.06837463378906,128.48789978027344,124.49230194091797,116.47000122070312,94.80139923095703
2017-07-07,210.4241943359375,129.8737030029297,125.70025634765625,115.27999877929688,94.2331771850586
2017-07-10,210.65016174316406,130.72227478027344,125.15442657470703,115.47000122070312,94.37139129638672
2017-07-11,210.49371337890625,131.0898895263672,125.52127838134766,115.62000274658203,94.53265380859375
2017-07-12,212.07550048828125,132.64541625976562,126.48757934570312,116.02999877929688,95.185302734375
2017-07-13,212.43191528320312,132.93768310546875,126.59491729736328,115.81999969482422,94.5864028930664
2017-07-14,213.42262268066406,133.98414611816406,126.80965423583984,116.7699966430664,94.70159912109375
2017-07-17,213.39657592773438,134.05014038085938,127.10494995117188,117.29000091552734,94.9626235961914
2017-07-18,213.50958251953125,134.94578552246094,126.77388000488281,118.11000061035156,95.79192352294922
2017-07-19,214.66554260253906,135.73768615722656,128.03541564941406,118.08000183105469,95.830322265625
2017-07-20,214.76113891601562,135.9168243408203,128.12489318847656,118.23999786376953,96.10679626464844
2017-07-21,214.56988525390625,135.86026000976562,127.5433349609375,119.26000213623047,96.51374053955078
2017-07-24,214.51776123046875,136.4824676513672,127.72232818603516,119.30999755859375,96.13746643066406
2017-07-25,215.0392303466797,136.13363647460938,128.8854522705078,118.91999816894531,94.88585662841797
2017-07-26,215.04791259765625,136.57672119140625,128.169677734375,119.87999725341797,95.03941345214844
2017-07-27,214.84800720214844,135.71885681152344,127.35542297363281,119.79000091552734,94.57106018066406
2017-07-28,214.59605407714844,135.60568237304688,127.01545715332031,120.69000244140625,95.131591796875
2017-07-31,214.4742889404297,135.03060913085938,126.61283111572266,120.75,95.24678802490234
2017-08-01,214.95233154296875,135.34169006347656,126.85440063476562,120.6500015258789,95.91549682617188
2017-08-02,215.05662536621094,135.70936584472656,125.46760559082031,120.4000015258789,95.96932983398438
2017-08-03,214.63943481445312,135.18145751953125,124.84127044677734,120.58999633789062,96.96206665039062
2017-08-04,215.03057861328125,135.42657470703125,125.44969940185547,119.6500015258789,96.13867950439453
2017-08-07,215.43032836914062,136.2844696044922,125.65547943115234,119.51000213623047,96.24635314941406
2017-08-08,214.9001922607422,136.0487823486328,125.26178741455078,119.86000061035156,95.90008544921875
2017-08-09,214.8914794921875,135.86968994140625,124.17915344238281,121.30999755859375,96.42340087890625
2017-08-10,211.85821533203125,132.95652770996094,121.92448425292969,122.20999908447266,97.24675750732422
2017-08-11,212.17115783691406,133.9652862548828,122.10340881347656,122.79000091552734,97.2929458618164
2017-08-14,214.27442932128906,135.6905517578125,123.9554672241211,121.91999816894531,96.79277801513672
2017-08-15,214.24832153320312,135.78485107421875,122.93549346923828,120.9800033569336,96.38492584228516
2017-08-16,214.62203979492188,136.0205078125,122.97127532958984,121.87000274658203,96.7388916015625
2017-08-17,211.27587890625,133.2393798828125,120.72550964355469,122.48999786376953,97.46226501464844
2017-08-18,210.9456329345703,133.14512634277344,120.71661376953125,122.30000305175781,97.43917846679688
2017-08-21,211.1107635498047,132.97543334960938,120.63604736328125,122.76000213623047,97.6777572631836
2017-08-22,213.318359375,135.00230407714844,121.94232940673828,122.20999908447266,97.30068969726562
2017-08-23,212.55348205566406,134.52162170410156,121.74551391601562,122.66999816894531,97.96245574951172
2017-08-24,212.05816650390625,134.12559509277344,122.12129211425781,122.29000091552734,97.60079956054688
2017-08-25,212.55348205566406,133.8427734375,122.47024536132812,122.73999786376953,97.97782897949219
2017-08-28,212.56227111816406,134.2575225830078,122.98916625976562,124.69000244140625,97.91630554199219
2017-08-29,212.8056182861328,134.78549194335938,123.01602172851562,124.41999816894531,98.23176574707031
2017-08-30,213.8137664794922,136.36932373046875,123.80339813232422,124.36000061035156,98.2010269165039
2017-08-31,215.1000518798828,137.8306121826172,125.02018737792969,125.81999969482422,98.49346923828125
2017-09-01,215.40426635742188,137.6420440673828,125.72702026367188,126.05999755859375,97.74002838134766
2017-09-05,213.8572540283203,136.4070587158203,124.5191879272461,127.45999908447266,99.29002380371094
2017-09-06,214.58724975585938,136.82188415527344,124.77861785888672,126.80999755859375,98.68083953857422
2017-09-07,214.56124877929688,137.1423797607422,124.46549987792969,128.1300048828125,99.69099426269531
2017-09-08,214.30914306640625,135.95452880859375,124.56391906738281,127.97000122070312,99.4751205444336
2017-09-11,216.594970703125,137.51943969726562,125.87023162841797,126.19000244140625,98.28755187988281
2017-09-12,217.3250732421875,137.8494415283203,126.63966369628906,126.55999755859375,97.7708740234375
2017-09-13,217.4293212890625,138.0380401611328,127.01545715332031,125.61000061035156,97.38532257080078
2017-09-14,217.3598175048828,137.22723388671875,126.89913177490234,126.16000366210938,97.78636169433594
2017-09-15,217.65240478515625,137.6986541748047,127.4180908203125,125.52999877929688,97.82484436035156
2017-09-18,218.11537170410156,137.5181427001953,128.28594970703125,124.36000061035156,97.26190948486328
2017-09-19,218.33367919921875,137.75436401367188,128.28594970703125,124.62000274658203,97.02290344238281
2017-09-20,218.41229248046875,137.32920837402344,128.6975555419922,123.62000274658203,97.09233093261719
2017-09-21,217.82711791992188,136.4883270263672,128.5633544921875,122.68000030517578,97.038330078125
2017-09-22,217.87074279785156,136.35601806640625,129.1090850830078,123.23999786376953,97.31591796875
2017-09-25,217.42532348632812,134.91990661621094,129.2880401611328,124.52999877929688,97.92509460449219
2017-09-26,217.55633544921875,135.2694091796875,129.69972229003906,123.13999938964844,97.74777221679688
2017-09-27,218.40354919433594,136.4883270263672,132.2379150390625,121.9800033569336,96.27491760253906
2017-09-28,218.6656036376953,136.44107055664062,132.5877227783203,122.20999908447266,95.98960876464844
2017-09-29,219.43426513671875,137.4236297607422,132.9016571044922,121.58000183105469,96.2055435180664
2017-10-02,220.3862762451172,137.54647827148438,134.53399658203125,120.7699966430664,96.02934265136719
2017-10-03,220.85791015625,137.83941650390625,134.82994079589844,120.83000183105469,96.12206268310547
2017-10-04,221.1199951171875,137.9716796875,134.39944458007812,121.16999816894531,96.12976837158203
2017-10-05,222.43014526367188,139.3227996826172,134.76712036132812,120.5199966430664,95.76663970947266
2017-10-06,222.1768035888672,139.51171875,134.5788116455078,121.08999633789062,95.49620819091797
2017-10-09,221.8099822998047,139.35108947753906,134.02272033691406,122.08000183105469,95.79753112792969
2017-10-10,222.39515686035156,139.45501708984375,134.40835571289062,122.4000015258789,95.9520492553711
2017-10-11,222.7445831298828,139.8707275390625,134.3097381591797,122.79000091552734,96.13749694824219
2017-10-12,222.4126434326172,139.61566162109375,134.2111053466797,122.88999938964844,96.54703521728516
2017-10-13,222.68344116210938,140.1542205810547,133.96890258789062,123.81999969482422,97.24243927001953
2017-10-16,222.98043823242188,140.6360321044922,133.85231018066406,122.97000122070312,97.17294311523438
2017-10-17,223.13763427734375,140.81556701660156,133.46665954589844,122.12999725341797,97.29657745361328
2017-10-18,223.35598754882812,140.64552307128906,134.1034698486328,121.66999816894531,96.65522766113281
2017-10-19,223.4171142578125,140.1258544921875,133.897216796875,122.38999938964844,96.82518768310547
2017-10-20,224.57005310058594,140.50376892089844,134.51605224609375,121.61000061035156,95.79753112792969
2017-10-23,223.69656372070312,139.58731079101562,133.51153564453125,121.80000305175781,95.9675521850586
2017-10-24,224.0896453857422,139.8235321044922,133.78956604003906,121.33000183105469,95.3725814819336
2017-10-25,222.98043823242188,139.29441833496094,133.14381408691406,121.3499984741211,94.91670227050781
2017-10-26,223.26861572265625,138.85035705566406,133.42181396484375,120.33000183105469,94.59990692138672
2017-10-27,225.09408569335938,142.8941650390625,134.34559631347656,120.9000015258789,95.22573852539062
2017-10-30,224.255615234375,143.2154083251953,132.9285430908203,121.12999725341797,96.13749694824219
2017-10-31,224.60494995117188,143.75390625,133.87026977539062,120.66999816894531,96.16841888427734
2017-11-01,224.90196228027344,143.70669555664062,132.9823760986328,121.11000061035156,96.59660339355469
2017-11-02,224.98928833007812,143.43267822265625,133.3769989013672,121.19000244140625,97.02251434326172
2017-11-03,225.74046325683594,144.8121337890625,133.28729248046875,120.62000274658203,97.28575897216797
2017-11-06,226.08985900878906,145.30345153808594,133.43975830078125,121.6500015258789,97.64970397949219
2017-11-07,225.93255615234375,145.38848876953125,131.8433380126953,121.20999908447266,98.06011962890625
2017-11-08,226.3169403076172,145.97427368164062,132.02268981933594,121.62999725341797,97.84333038330078
2017-11-09,225.49594116210938,145.20892333984375,131.55633544921875,122.12999725341797,97.56452941894531
2017-11-10,225.4259796142578,145.1995391845703,131.4576416015625,121.12999725341797,96.09329223632812
2017-11-13,225.6356201171875,145.37901306152344,131.4934844970703,121.30999755859375,96.29466247558594
2017-11-14,225.11160278320312,144.8499298095703,131.134765625,121.55999755859375,96.945068359375
2017-11-15,223.98484802246094,144.16966247558594,130.61460876464844,121.41000366210938,97.99813079833984
2017-11-16,225.88897705078125,146.01206970214844,132.53395080566406,121.4000015258789,97.14637756347656
2017-11-17,225.22508239746094,145.45457458496094,133.14381408691406,122.86000061035156,97.86652374267578
2017-11-20,225.60948181152344,145.3412628173828,134.11244201660156,121.30999755859375,97.82781219482422
2017-11-21,227.0855712890625,146.9190673828125,135.51158142089844,121.51000213623047,98.13754272460938
2017-11-22,226.88467407226562,147.09860229492188,135.33221435546875,122.62999725341797,98.45503234863281
2017-11-24,227.40872192382812,147.6371307373047,135.3860321044922,122.31999969482422,98.18396759033203
2017-11-27,227.2952117919922,147.57098388671875,134.97348022460938,122.83000183105469,98.04460906982422
2017-11-28,229.6010284423828,147.9489288330078,137.09910583496094,122.80999755859375,98.17626953125
2017-11-29,229.4612579345703,145.36961364746094,137.5565185546875,122.04000091552734,97.20838928222656
2017-11-30,231.47023010253906,146.58840942382812,137.80764770507812,121.0999984741211,96.88313293457031
2017-12-01,230.9898681640625,145.9647979736328,137.2426300048828,121.58999633789062,98.19053649902344
2017-12-04,230.7103271484375,144.28311157226562,136.73135375976562,121.18000030517578,98.23711395263672
2017-12-05,229.88055419921875,144.3775177001953,135.36807250976562,120.31999969482422,98.72589111328125
2017-12-06,229.92422485351562,145.02944946289062,134.73130798339844,120.06999969482422,99.06729125976562
2017-12-07,230.64926147460938,145.520751953125,135.67303466796875,118.48999786376953,98.29137420654297
2017-12-08,231.906982421875,146.16323852539062,135.79859924316406,118.4800033569336,98.2991943359375
2017-12-11,232.605712890625,147.29698181152344,135.7447967529297,118.01000213623047,98.09740447998047
2017-12-12,233.0162811279297,147.09860229492188,135.32327270507812,118.1500015258789,98.05858612060547
2017-12-13,232.99000549316406,147.3820343017578,136.1304473876953,119.16999816894531,98.79571533203125
2017-12-14,232.0380096435547,147.27813720703125,134.6237030029297,118.93000030517578,99.2147216796875
2017-12-15,233.9702606201172,148.95045471191406,136.5430450439453,119.18000030517578,99.58715057373047
2017-12-18,235.45384216308594,150.19927978515625,138.39065551757812,119.7300033569336,98.67933654785156
2017-12-19,234.5496826171875,149.30926513671875,137.29641723632812,119.81999969482422,97.39910125732422
2017-12-20,234.42672729492188,149.1483612060547,137.56546020507812,120.13999938964844,96.32060241699219
2017-12-21,234.90957641601562,149.16725158691406,138.16781616210938,120.30999755859375,96.88201141357422
2017-12-22,234.84814453125,148.99681091308594,137.91566467285156,120.94000244140625,97.01416015625
2017-12-26,234.56723022460938,148.19207763671875,137.9967041015625,121.7699966430664,97.30187225341797
2017-12-27,234.68136596679688,148.21099853515625,137.86170959472656,122.2300033569336,98.56922149658203
2017-12-28,235.16419982910156,148.3909149169922,138.40187072753906,122.8499984741211,98.48369598388672
2017-12-29,234.2774658203125,147.47250366210938,137.2584686279297,123.6500015258789,98.63922119140625
2018-01-02,235.954345703125,150.05722045898438,138.5548858642578,125.1500015258789,97.57400512695312
2018-01-03,237.44667053222656,151.51535034179688,138.69894409179688,124.81999969482422,98.04053497314453
2018-01-04,238.44752502441406,151.7804412841797,139.06809997558594,125.45999908447266,98.02496337890625
2018-01-05,240.03660583496094,153.30474853515625,139.35614013671875,125.33000183105469,97.74506378173828
2018-01-08,240.4755401611328,153.90122985839844,139.57223510742188,125.30999755859375,97.68285369873047
2018-01-09,241.01979064941406,153.9107208251953,139.3831787109375,124.7300033569336,96.37655639648438
2018-01-10,240.6510772705078,153.5508575439453,139.40115356445312,125.02999877929688,96.25997924804688
2018-01-11,242.40687561035156,154.60183715820312,141.79595947265625,125.44000244140625,96.656494140625
2018-01-12,243.98716735839844,155.73805236816406,142.39012145996094,126.95999908447266,96.8198013305664
2018-01-16,243.15306091308594,155.29299926757812,140.57151794433594,127.16999816894531,97.2240982055664
2018-01-17,245.4707489013672,156.96881103515625,141.90399169921875,126.13999938964844,97.0918960571289
2018-01-18,245.05816650390625,156.99720764160156,140.9317169189453,125.86000061035156,96.18999481201172
2018-01-19,246.17312622070312,157.4895782470703,142.7862548828125,126.41999816894531,95.6845703125
2018-01-22,248.1747283935547,159.17486572265625,143.55149841308594,126.6500015258789,95.77790832519531
2018-01-23,248.70143127441406,160.49087524414062,144.01065063476562,127.27999877929688,96.18999481201172
2018-01-24,248.60491943359375,159.4494171142578,143.11935424804688,128.8300018310547,95.66902923583984
2018-01-25,248.71023559570312,159.3926239013672,143.1734161376953,127.97000122070312,96.45435333251953
2018-01-26,251.5897674560547,161.83535766601562,143.68655395507812,128.07000732421875,96.09666442871094
2018-01-29,249.92169189453125,161.04953002929688,142.87632751464844,127.3499984741211,95.4280014038086
2018-01-30,247.35826110839844,159.72396850585938,141.50787353515625,126.80000305175781,94.86813354492188
2018-01-31,247.48117065429688,160.38674926757812,140.76959228515625,127.6500015258789,95.4280014038086
2018-02-01,247.2001953125,159.0234375,141.21075439453125,128.07000732421875,94.04496765136719
2018-02-02,241.8186798095703,155.85159301757812,138.49191284179688,126.38999938964844,93.17230224609375
2018-02-05,231.70526123046875,149.7069549560547,133.17112731933594,126.70999908447266,94.0527572631836
2018-02-06,236.2703399658203,153.67401123046875,134.76470947265625,125.37999725341797,93.46839141845703
2018-02-07,234.98867797851562,151.68576049804688,134.8997039794922,124.79000091552734,92.58016967773438
2018-02-08,226.17445373535156,145.28541564941406,130.93844604492188,124.9800033569336,92.4788818359375
2018-02-09,229.57191467285156,147.79437255859375,132.1358184814453,124.7699966430664,91.89448547363281
2018-02-12,232.943115234375,150.41702270507812,133.38729858398438,125.37000274658203,92.29965209960938
2018-02-13,233.52244567871094,151.1934051513672,133.67532348632812,126.08000183105469,92.71260833740234
2018-02-14,236.67417907714844,154.02427673339844,136.07908630371094,128.22999572753906,91.6841049194336
2018-02-15,239.6941680908203,156.88360595703125,137.5645751953125,128.3800048828125,91.99579620361328
2018-02-16,239.764404296875,156.18304443359375,138.0507354736328,127.95999908447266,92.49443817138672
2018-02-20,238.26316833496094,156.4954376220703,136.9163818359375,126.23999786376953,92.08930969238281
2018-02-21,237.0779571533203,156.05043029785156,137.0604248046875,125.66000366210938,90.95951080322266
2018-02-22,237.38534545898438,156.03146362304688,136.8444061279297,126.30000305175781,91.2322006225586
2018-02-23,241.16905212402344,159.22218322753906,138.62693786621094,126.13999938964844,92.04253387451172
2018-02-26,243.969482421875,161.3335418701172,139.53619384765625,126.44999694824219,92.0737075805664
2018-02-27,240.9232635498047,159.3357696533203,137.52859497070312,125.12999725341797,91.94121551513672
2018-02-28,238.48265075683594,158.3132781982422,135.35885620117188,125.0,92.52560424804688
2018-03-01,235.01498413085938,155.728515625,134.9987335205078,124.72000122070312,93.15723419189453
2018-03-02,236.22642517089844,157.158203125,137.1595001220703,125.38999938964844,92.39991760253906
2018-03-05,238.95668029785156,158.9003448486328,138.38385009765625,125.18000030517578,92.15003204345703
2018-03-06,239.56248474121094,159.57247924804688,139.8783416748047,126.52999877929688,92.2359390258789
2018-03-07,239.47467041015625,159.9417724609375,141.11172485351562,125.72000122070312,92.13445281982422
2018-03-08,240.633544921875,160.822265625,140.8236541748047,125.41999816894531,92.66539001464844
2018-03-09,244.82118225097656,163.94671630859375,143.07437133789062,125.54000091552734,92.05638122558594
2018-03-12,244.51385498046875,164.8177032470703,143.32647705078125,125.54000091552734,92.58724212646484
2018-03-13,242.93362426757812,162.57386779785156,142.6602325439453,125.77999877929688,93.05573272705078
2018-03-14,241.68692016601562,162.54542541503906,141.98500061035156,125.69999694824219,93.87548065185547
2018-03-15,241.4236297607422,162.40342712402344,141.2737579345703,124.9000015258789,93.87548065185547
2018-03-16,241.68540954589844,161.92056274414062,142.0660400390625,124.5999984741211,93.53978729248047
2018-03-19,238.41539001464844,158.46580505371094,140.69761657714844,124.87000274658203,93.24308776855469
2018-03-20,238.82080078125,158.98736572265625,140.66159057617188,124.30999755859375,92.86833190917969
2018-03-21,238.36245727539062,158.2950897216797,141.48086547851562,126.4800033569336,92.96985626220703
2018-03-22,232.4040985107422,154.3880157470703,138.37852478027344,125.9800033569336,93.89109802246094
2018-03-23,227.45046997070312,150.31964111328125,135.400634765625,127.61000061035156,93.82083892822266
2018-03-26,233.67332458496094,155.90533447265625,138.36045837402344,128.27999877929688,93.46171569824219
2018-03-27,229.69808959960938,150.86021423339844,135.68043518066406,127.48999786376953,94.46102142333984
2018-03-28,229.01939392089844,149.12477111816406,135.63528442382812,125.7300033569336,94.71089935302734
2018-03-29,231.9457244873047,151.85594177246094,137.00689697265625,125.79000091552734,95.1714859008789
2018-04-02,226.93927001953125,147.4746551513672,133.66815185546875,127.26000213623047,95.35929870605469
2018-04-03,229.84793090820312,149.1342315673828,135.5811767578125,126.30000305175781,94.62377166748047
2018-04-04,232.30712890625,151.4861297607422,137.30465698242188,126.44999694824219,94.42822265625
2018-04-05,234.14047241210938,152.3490447998047,138.44168090820312,125.80000305175781,93.72406005859375
2018-04-06,228.9224853515625,148.53680419921875,135.68043518066406,126.38999938964844,94.74899291992188
2018-04-09,230.0507049560547,149.5799102783203,135.84283447265625,126.81999969482422,94.9054946899414
2018-04-10,233.7085418701172,152.88011169433594,138.4055633544922,127.12000274658203,94.73333740234375
2018-04-11,232.48336791992188,151.9982147216797,138.703369140625,128.11000061035156,95.06981658935547
2018-04-12,234.3961181640625,153.82847595214844,139.65084838867188,126.62000274658203,94.37347412109375
2018-04-13,233.7085418701172,153.03189086914062,138.91993713378906,127.44999694824219,94.592529296875
2018-04-16,235.63006591796875,154.1983184814453,140.20126342773438,127.62999725341797,94.62377166748047
2018-04-17,238.15093994140625,157.5175018310547,141.72633361816406,127.75,94.88201904296875
2018-04-18,238.32728576660156,157.8399200439453,142.10531616210938,127.8499984741211,94.1230697631836
2018-04-19,237.00506591796875,156.38894653320312,141.12173461914062,127.5999984741211,93.35633087158203
2018-04-20,234.9954071044922,153.91380310058594,140.3637237548828,126.62999725341797,92.68348693847656
2018-04-23,234.96026611328125,153.52496337890625,140.1561737060547,125.62000274658203,92.70693969726562
2018-04-24,231.79583740234375,150.27224731445312,139.35302734375,126.2300033569336,92.28443908691406
2018-04-25,232.36878967285156,150.452392578125,139.1455078125,125.41000366210938,91.66632843017578
2018-04-26,234.73101806640625,153.61981201171875,139.78616333007812,124.97000122070312,92.30791473388672
2018-04-27,234.9513702392578,153.71466064453125,139.58767700195312,125.5,93.01988220214844
2018-04-30,233.1444091796875,152.62411499023438,138.35145568847656,124.58999633789062,93.18421173095703
2018-05-01,233.5587615966797,154.36904907226562,139.02825927734375,123.70999908447266,92.8486099243164
2018-05-02,231.9897918701172,153.45863342285156,139.55157470703125,123.6500015258789,92.74662780761719
2018-05-03,231.47860717773438,153.43966674804688,138.79359436035156,124.27999877929688,93.1622314453125
2018-05-04,234.47537231445312,156.35105895996094,140.52618408203125,124.54000091552734,93.30339813232422
2018-05-07,235.26870727539062,157.65025329589844,141.71728515625,124.56999969482422,93.15443420410156
2018-05-08,235.26870727539062,157.48899841308594,142.42115783691406,124.58999633789062,93.06815338134766
2018-05-09,237.54275512695312,159.20550537109375,143.18812561035156,124.33000183105469,92.51146697998047
2018-05-10,239.76394653320312,160.85557556152344,143.95518493652344,125.18000030517578,93.25634002685547
2018-05-11,240.49551391601562,160.70388793945312,144.2349090576172,125.0,93.49160766601562
2018-05-14,240.61004638671875,160.97885131835938,143.6844482421875,124.48999786376953,92.99755859375
2018-05-15,238.9530029296875,159.1959991455078,143.71151733398438,122.4800033569336,91.93898010253906
2018-05-16,239.95785522460938,160.24864196777344,145.20945739746094,122.29000091552734,91.58613586425781
2018-05-17,239.75511169433594,159.63223266601562,145.87721252441406,122.36000061035156,91.12355041503906
2018-05-18,239.15579223632812,158.80718994140625,146.0666961669922,122.41000366210938,91.90763092041016
2018-05-21,240.95379638671875,159.6986541748047,147.03225708007812,122.4800033569336,91.95468139648438
2018-05-22,240.283935546875,159.4899444580078,145.96743774414062,122.41000366210938,91.81352996826172
2018-05-23,240.9449920654297,160.8366241455078,146.15695190429688,122.54000091552734,92.48008728027344
2018-05-24,240.45143127441406,160.7891845703125,146.21109008789062,123.58999633789062,93.21710205078125
2018-05-25,239.87847900390625,160.950439453125,145.9494171142578,123.20999908447266,93.79739379882812
2018-05-29,237.1196746826172,160.23919677734375,145.75086975097656,123.19000244140625,95.851806640625
2018-05-30,240.283935546875,161.38662719726562,148.0609893798828,123.37000274658203,95.20885467529297
2018-05-31,238.81199645996094,161.2823028564453,146.8788604736328,123.0999984741211,95.05197143554688
2018-06-01,241.15658569335938,163.8143768310547,147.84437561035156,122.48999786376953,94.54979705810547
2018-06-04,242.30250549316406,165.2937774658203,148.6294708251953,122.37000274658203,93.8659896850586
2018-06-05,242.47869873046875,165.80584716796875,149.54991149902344,122.8499984741211,94.08602905273438
2018-06-06,244.50592041015625,166.77313232421875,150.63275146484375,122.91999816894531,93.32371520996094
2018-06-07,244.4794921875,165.41705322265625,149.8115692138672,122.86000061035156,94.22750091552734
2018-06-08,245.2022705078125,165.42654418945312,150.26271057128906,123.01000213623047,93.94462585449219
2018-06-11,245.52842712402344,165.8722686767578,150.48831176757812,123.2300033569336,93.77169036865234
2018-06-12,245.845703125,166.7446746826172,151.174072265625,122.81999969482422,93.79527282714844
2018-06-13,245.06117248535156,166.73526000976562,150.57855224609375,123.19000244140625,93.74809265136719
2018-06-14,245.67832946777344,168.42327880859375,151.38169860839844,123.37999725341797,94.52616882324219
2018-06-15,245.3648681640625,167.8352813720703,151.4268035888672,121.33999633789062,94.61262512207031
2018-06-18,244.8602294921875,167.73834228515625,152.13966369628906,121.11000061035156,94.52616882324219
2018-06-19,243.92164611816406,167.26319885253906,152.148681640625,120.80000305175781,95.07637786865234
2018-06-20,244.33778381347656,168.4510955810547,153.3759002685547,120.26000213623047,94.24322509765625
2018-06-21,242.8061065673828,166.98757934570312,151.94114685058594,120.05000305175781,94.7384033203125
2018-06-22,243.2487030029297,166.61692810058594,151.43580627441406,120.33999633789062,94.73052215576172
2018-06-25,239.9374542236328,162.86297607421875,148.96328735351562,119.88999938964844,94.94276428222656
2018-06-26,240.4686737060547,163.52830505371094,149.82955932617188,119.26000213623047,95.07637786865234
2018-06-27,238.47657775878906,161.30442810058594,147.42926025390625,118.58000183105469,95.97232055664062
2018-06-28,239.84007263183594,162.69192504882812,147.88047790527344,118.22000122070312,95.99591827392578
2018-06-29,240.1853485107422,163.1291046142578,147.78121948242188,118.6500015258789,95.6657943725586
2018-07-02,240.6988525390625,164.22203063964844,148.8008575439453,117.45999908447266,95.59097290039062
2018-07-03,239.84884643554688,162.32130432128906,149.39407348632812,118.6500015258789,96.10302734375
2018-07-05,241.80563354492188,164.33602905273438,151.0966339111328,119.05000305175781,96.37871551513672
2018-07-06,243.8508758544922,166.89256286621094,152.3735809326172,118.86000061035156,96.69383239746094
2018-07-09,246.04652404785156,168.3940887451172,153.3336181640625,119.1500015258789,96.07151794433594
2018-07-10,246.93191528320312,168.51763916015625,152.6363067626953,118.93000030517578,96.06365203857422
2018-07-11,245.12576293945312,167.6622772216797,151.34121704101562,117.63999938964844,96.43385314941406
2018-07-12,247.3480987548828,170.55137634277344,152.0747833251953,118.12999725341797,96.42596435546875
2018-07-13,247.54287719726562,170.69395446777344,151.6219482421875,117.61000061035156,96.670166015625
2018-07-16,247.32154846191406,170.2853240966797,151.0332794189453,117.55000305175781,96.26840209960938
2018-07-17,248.32196044921875,171.3212127685547,151.70346069335938,116.27999877929688,96.0872573852539
2018-07-18,248.84446716308594,170.9980926513672,152.12908935546875,116.30999755859375,95.70123291015625
2018-07-19,247.90585327148438,170.14276123046875,153.20684814453125,115.80999755859375,96.30784606933594
2018-07-20,247.62254333496094,170.10476684570312,152.58193969726562,116.55999755859375,95.1262435913086
2018-07-23,248.08297729492188,170.6464385986328,152.77206420898438,116.0,93.9524917602539
2018-07-24,249.33128356933594,171.34970092773438,151.14193725585938,116.04000091552734,94.27549743652344
2018-07-25,251.4562530517578,173.74459838867188,151.69435119628906,116.68000030517578,94.12578582763672
2018-07-26,250.863037109375,171.11215209960938,152.5094451904297,115.7699966430664,93.94464874267578
2018-07-27,249.1630859375,168.80274963378906,149.66575622558594,115.83000183105469,94.10213470458984
2018-07-30,247.8616943359375,166.41737365722656,148.70574951171875,115.6500015258789,93.7791976928711
2018-07-31,249.08340454101562,167.69078063964844,150.2182159423828,115.98999786376953,94.29122924804688
2018-08-01,248.66725158691406,168.3275909423828,150.1185760498047,115.13999938964844,93.5230484008789
2018-08-02,250.02191162109375,170.61793518066406,151.2144012451172,114.5199966430664,93.65726470947266
2018-08-03,251.0933074951172,171.14065551757812,150.68910217285156,114.91999816894531,94.12307739257812
2018-08-06,252.01406860351562,172.14804077148438,151.5313720703125,114.33000183105469,94.1783447265625
2018-08-07,252.8462677001953,172.77525329589844,151.89361572265625,114.58999633789062,93.68888092041016
2018-08-08,252.74005126953125,172.9843292236328,151.75779724121094,114.91000366210938,93.78358459472656
2018-08-09,252.39480590820312,172.87977600097656,152.147216796875,114.73999786376953,94.57306671142578
2018-08-10,250.70367431640625,171.5587921142578,151.72152709960938,114.69000244140625,95.25994873046875
2018-08-13,249.76527404785156,171.3687286376953,150.83407592773438,112.95999908447266,95.06255340576172
2018-08-14,251.35888671875,172.44259643554688,152.328369140625,113.06999969482422,94.8493881225586
2018-08-15,249.48187255859375,170.33282470703125,150.41746520996094,111.19000244140625,95.40203857421875
2018-08-16,251.50048828125,170.8935546875,151.8121337890625,111.0999984741211,95.39415740966797
2018-08-17,252.3858642578125,170.93154907226562,152.4641571044922,112.12999725341797,95.51258087158203
2018-08-20,252.92601013183594,170.77947998046875,152.88990783691406,112.69000244140625,96.15209197998047
2018-08-21,253.51918029785156,171.40672302246094,154.6467742919922,113.0199966430664,95.82836151123047
2018-08-22,253.36863708496094,172.0719757080078,155.02713012695312,113.2699966430664,96.20733642578125
2018-08-23,253.03216552734375,171.82492065429688,154.5562286376953,112.19999694824219,96.35733795166016
2018-08-24,254.5550537109375,173.42149353027344,155.39849853515625,114.16000366210938,96.54679107666016
2018-08-27,256.56488037109375,175.1891632080078,155.6248779296875,114.58999633789062,95.99418640136719
2018-08-28,256.68878173828125,175.4457244873047,155.76976013183594,113.68000030517578,95.41783905029297
2018-08-29,258.0699157714844,177.4700164794922,156.22259521484375,114.19999694824219,95.54413604736328
2018-08-30,257.0252990722656,177.15640258789062,156.09579467773438,113.63999938964844,95.74943542480469
2018-08-31,257.0340881347656,177.3844757080078,156.6935272216797,113.51000213623047,95.52836608886719
2018-09-04,256.5914306640625,176.62423706054688,155.99615478515625,112.93000030517578,94.97602844238281
2018-09-05,255.90086364746094,174.3433074951172,155.57957458496094,113.31999969482422,94.72283172607422
2018-09-06,255.13063049316406,172.7847442626953,154.52906799316406,113.54000091552734,95.07101440429688
2018-09-07,254.63479614257812,172.11952209472656,154.44752502441406,113.2300033569336,94.26392364501953
2018-09-10,255.077392578125,172.69923400878906,154.6377410888672,113.1500015258789,94.6120834350586
2018-09-11,255.9186248779297,174.0297088623047,154.89132690429688,113.22000122070312,93.89203643798828
2018-09-12,255.9805450439453,173.51651000976562,154.52000427246094,114.16999816894531,94.11356353759766
2018-09-13,257.4945373535156,175.3697509765625,154.5562286376953,113.76000213623047,94.25598907470703
2018-09-14,257.53875732421875,174.8564910888672,155.20828247070312,113.0199966430664,93.80497741699219
2018-09-17,256.17529296875,172.33807373046875,153.5600128173828,113.61000061035156,93.80497741699219
2018-09-18,257.56536865234375,173.763671875,154.20297241210938,113.44000244140625,92.82379913330078
2018-09-19,257.83978271484375,173.6305389404297,153.64149475097656,113.87999725341797,92.26991271972656
2018-09-20,259.9293212890625,175.55029296875,155.0634002685547,114.2699966430664,92.69721221923828
2018-09-21,259.6917724609375,174.5904083251953,154.32070922851562,113.48999786376953,92.65764617919922
2018-09-24,258.8291320800781,175.07598876953125,153.7501983642578,113.47000122070312,92.42023468017578
2018-09-25,258.5890197753906,175.3140106201172,153.9856414794922,113.6500015258789,92.32530975341797
2018-09-26,257.8152770996094,175.4377899169922,152.5782012939453,113.05000305175781,92.97412872314453
2018-09-27,258.5355529785156,176.92298889160156,152.58731079101562,112.05000305175781,93.03742218017578
2018-09-28,258.5623474121094,176.8848876953125,153.0503692626953,112.76000213623047,92.79216766357422
2018-10-01,259.46063232421875,177.2467498779297,151.03453063964844,112.56999969482422,92.11093139648438
2018-10-02,259.309326171875,176.8468475341797,149.4000244140625,113.87000274658203,92.67398071289062
2018-10-03,259.45172119140625,177.0372314453125,150.70767211914062,113.41999816894531,91.06415557861328
2018-10-04,257.4239196777344,173.6383819580078,148.59188842773438,113.4800033569336,90.4217529296875
2018-10-05,255.98306274414062,171.51522827148438,147.2479705810547,113.80000305175781,89.64456176757812
2018-10-08,255.98306274414062,170.4679718017578,146.9392852783203,112.54000091552734,89.34323120117188
2018-10-09,255.60955810546875,171.02017211914062,146.36717224121094,112.5999984741211,90.24730682373047
2018-10-10,247.51614379882812,163.49884033203125,142.16297912597656,112.87999725341797,90.00146484375
2018-10-11,242.06419372558594,161.47093200683594,139.4479522705078,115.77999877929688,91.09587860107422
2018-10-12,245.42605590820312,165.96475219726562,139.4751434326172,115.2300033569336,90.77867889404297
2018-10-15,244.04754638671875,163.95582580566406,139.99270629882812,116.0,90.7389907836914
2018-10-16,249.38380432128906,168.72569274902344,144.05166625976562,115.80000305175781,90.94515991210938
2018-10-17,249.4282684326172,168.7923583984375,143.43421936035156,115.79000091552734,90.40592193603516
2018-10-18,245.8262939453125,164.87937927246094,140.74644470214844,115.91999816894531,90.37419128417969
2018-10-19,245.69290161132812,164.7270050048828,139.2572479248047,116.01000213623047,90.17597198486328
2018-10-22,244.5900421142578,165.5743408203125,138.95758056640625,115.70999908447266,90.0569839477539
2018-10-23,243.34495544433594,164.9650115966797,137.7135772705078,116.38999938964844,90.34248352050781
2018-10-24,235.97193908691406,157.41513061523438,132.5286102294922,116.66000366210938,91.02446746826172
2018-10-25,240.20533752441406,162.86094665527344,135.39808654785156,116.4000015258789,90.64383697509766
2018-10-26,235.9807891845703,158.67184448242188,133.91796875,116.7699966430664,91.19104766845703
2018-10-29,234.67335510253906,155.40621948242188,133.1824188232422,116.30999755859375,90.98486328125
2018-10-30,238.1509246826172,157.96731567382812,135.96104431152344,115.80000305175781,90.53282165527344
2018-10-31,240.694580078125,161.68043518066406,136.2334747314453,115.1500015258789,90.07284545898438
2018-11-01,243.25596618652344,163.81300354003906,139.37522888183594,116.62999725341797,90.1563491821289
2018-11-02,241.81524658203125,161.261474609375,139.83836364746094,116.6500015258789,89.0354232788086
2018-11-05,243.1492462158203,160.86158752441406,139.72940063476562,116.37000274658203,89.38517761230469
2018-11-06,244.6879119873047,162.0802764892578,140.4195098876953,116.04000091552734,89.32952880859375
2018-11-07,249.9263458251953,167.164306640625,142.93484497070312,116.02999877929688,89.44876098632812
2018-11-08,249.47276306152344,166.09799194335938,142.55337524414062,115.77999877929688,89.4408187866211
2018-11-09,247.03585815429688,163.29891967773438,139.9110565185547,114.4800033569336,90.10858917236328
2018-11-12,242.4199981689453,158.35769653320312,137.14146423339844,113.66000366210938,90.69690704345703
2018-11-13,241.9664306640625,158.49090576171875,136.70559692382812,113.69999694824219,90.64120483398438
2018-11-14,240.31211853027344,157.28179931640625,135.70675659179688,114.63999938964844,90.69690704345703
2018-11-15,242.82009887695312,160.03330993652344,137.6409454345703,114.7699966430664,90.6571273803711
2018-11-16,243.45167541503906,159.4715576171875,137.96778869628906,115.62000274658203,91.18179321289062
2018-11-19,239.3338623046875,154.29232788085938,135.17103576660156,115.66999816894531,91.43621063232422
2018-11-20,234.90464782714844,151.53131103515625,132.56492614746094,115.66999816894531,91.46797943115234
2018-11-21,235.70510864257812,152.68328857421875,134.41734313964844,115.86000061035156,91.43621063232422
2018-11-23,234.13087463378906,151.5789337158203,134.29026794433594,115.7699966430664,91.53157806396484
2018-11-26,237.91078186035156,155.08258056640625,136.03367614746094,115.63999938964844,91.32490539550781
2018-11-27,238.7112274169922,155.60617065429688,134.90773010253906,114.94999694824219,91.42827606201172
2018-11-28,244.20751953125,160.61404418945312,138.24020385742188,115.37999725341797,90.98302459716797
2018-11-29,243.6739959716797,160.0904083251953,137.86793518066406,115.73999786376953,91.34078216552734
2018-11-30,245.15928649902344,161.25198364257812,138.58531188964844,115.54000091552734,91.68262481689453
2018-12-03,248.4055633544922,164.0700225830078,139.9110565185547,116.41000366210938,92.33361053466797
2018-12-04,240.3565673828125,157.77688598632812,133.95423889160156,117.12000274658203,93.87938690185547
2018-12-06,239.99188232421875,158.89077758789062,133.66366577148438,117.13999938964844,94.17423248291016
2018-12-07,234.41549682617188,153.6448974609375,130.7761688232422,118.08999633789062,94.34952545166016
2018-12-10,234.8601531982422,155.25392150878906,130.39471435546875,117.68000030517578,94.73994445800781
2018-12-11,234.9135284423828,155.7680206298828,130.258544921875,117.54000091552734,94.72403717041016
2018-12-12,236.09646606445312,157.1390380859375,131.50253295898438,117.79000091552734,94.30174255371094
2018-12-13,236.016357421875,157.1865997314453,129.6410675048828,117.52999877929688,94.0786361694336
2018-12-14,231.6583709716797,153.35926818847656,127.67969512939453,117.05999755859375,94.40531921386719
2018-12-17,227.11358642578125,149.8842010498047,124.83619689941406,117.87000274658203,94.95511627197266
2018-12-18,226.8646240234375,150.82676696777344,124.6813735961914,118.1500015258789,95.52375030517578
2018-12-19,223.4671173095703,147.12326049804688,122.08473205566406,117.43000030517578,96.78570556640625
2018-12-20,219.82955932617188,144.99058532714844,120.07124328613281,119.23999786376953,96.43428039550781
2018-12-21,215.32533264160156,140.49685668945312,116.95536804199219,118.72000122070312,96.4183349609375
2018-12-24,209.63577270507812,137.0127716064453,114.686767578125,120.0199966430664,96.89749908447266
2018-12-26,220.2276611328125,145.56777954101562,120.19876861572266,119.66000366210938,95.8592300415039
2018-12-27,221.9183807373047,146.1310577392578,120.69990539550781,120.56999969482422,95.87513732910156
2018-12-28,221.6321563720703,146.05470275878906,121.04609680175781,121.05999755859375,96.68191528320312
2018-12-31,223.5733642578125,147.28634643554688,121.99365234375,121.25,97.04926300048828
2019-01-02,223.8059539794922,147.8783416748047,122.68608856201172,121.33000183105469,97.5604476928711
2019-01-03,218.4652862548828,143.0470733642578,120.49036407470703,122.43000030517578,98.670654296875
2019-01-04,225.78298950195312,149.1672821044922,124.9911117553711,121.44000244140625,97.52849578857422
2019-01-07,227.5631866455078,150.94325256347656,127.17772674560547,121.86000061035156,97.24095916748047
2019-01-08,229.70127868652344,152.30859375,129.12744140625,121.52999877929688,96.98540496826172
2019-01-09,230.77474975585938,153.54981994628906,130.19338989257812,122.30999755859375,96.8336181640625
2019-01-10,231.5887908935547,153.98902893066406,130.86752319335938,121.58999633789062,96.21065521240234
2019-01-11,231.6782989501953,153.42567443847656,130.90402221679688,121.80000305175781,96.58604431152344
2019-01-14,230.2648162841797,152.0699005126953,129.60116577148438,122.08999633789062,96.22662353515625
2019-01-15,232.90379333496094,155.03927612304688,130.6944580078125,121.87999725341797,95.87513732910156
2019-01-16,233.46742248535156,155.0106658935547,131.6693115234375,122.2699966430664,95.97106170654297
2019-01-17,235.2386474609375,156.23277282714844,132.86280822753906,122.11000061035156,95.99502563476562
2019-01-18,238.3696746826172,157.77957153320312,134.22943115234375,121.0199966430664,95.4918212890625
2019-01-22,235.14920043945312,154.61920166015625,132.1066436767578,121.44999694824219,96.13877868652344
2019-01-23,235.64120483398438,154.81971740722656,131.7421875,121.27999877929688,96.09881591796875
2019-01-24,235.7664794921875,155.8222198486328,132.53485107421875,121.08999633789062,96.72978973388672
2019-01-25,237.7613983154297,157.6840362548828,134.238525390625,122.86000061035156,96.26657104492188
2019-01-28,235.95436096191406,155.73626708984375,133.518798828125,123.29000091552734,96.17073059082031
2019-01-29,235.64120483398438,154.26589965820312,133.19993591308594,123.9800033569336,96.6579818725586
2019-01-30,239.3716278076172,158.1901092529297,134.65769958496094,124.69000244140625,96.58604431152344
2019-01-31,241.47390747070312,160.5580291748047,135.8056182861328,124.75,97.41670989990234
2019-02-01,241.59022521972656,159.88006591796875,135.91494750976562,124.5,96.82826232910156
2019-02-04,243.2899169921875,161.8660430908203,137.5366973876953,123.95999908447266,96.39604949951172
2019-02-05,244.30970764160156,163.29823303222656,137.68246459960938,124.27999877929688,96.83629608154297
2019-02-06,243.98765563964844,162.81129455566406,137.50930786132812,123.44000244140625,96.88435363769531
2019-02-07,241.66177368164062,160.62484741210938,136.37965393066406,123.73999786376953,97.52472686767578
2019-02-08,241.9569091796875,160.93988037109375,136.52532958984375,124.20999908447266,97.94098663330078
2019-02-11,242.09115600585938,160.78717041015625,137.66421508789062,123.5999984741211,97.55680084228516
2019-02-12,245.2042694091797,163.16455078125,139.38621520996094,123.86000061035156,97.30860900878906
2019-02-13,246.00045776367188,163.27914428710938,139.77793884277344,123.37000274658203,96.94039916992188
2019-02-14,245.4547882080078,163.4796905517578,140.09681701660156,124.05999755859375,97.49275970458984
2019-02-15,248.12954711914062,164.16709899902344,142.32894897460938,124.80000305175781,97.64483642578125
2019-02-19,248.55894470214844,164.49172973632812,142.72073364257812,126.69999694824219,97.89297485351562
2019-02-20,249.05995178222656,164.4630584716797,143.39492797851562,126.4800033569336,97.61282348632812
2019-02-21,248.17431640625,163.86151123046875,142.84828186035156,125.05000305175781,96.74028778076172
2019-02-22,249.7129669189453,165.07418823242188,144.08734130859375,125.5,97.3166275024414
2019-02-25,250.0529327392578,165.67567443847656,144.12376403808594,125.37000274658203,97.02842712402344
2019-02-26,249.8739776611328,165.8475341796875,143.1306915283203,125.58000183105469,97.50869750976562
2019-02-27,249.76666259765625,165.7425537109375,143.33114624023438,124.69000244140625,96.40406799316406
2019-02-28,249.30149841308594,165.36062622070312,142.8391571044922,123.98999786376953,96.07582092285156
2019-03-01,250.85809326171875,166.50633239746094,144.16929626464844,121.87999725341797,95.18782043457031
2019-03-04,249.9454803466797,166.53497314453125,142.86656188964844,121.55999755859375,95.93385314941406
2019-03-05,249.60562133789062,166.6591033935547,142.2013702392578,121.72000122070312,96.13438415527344
2019-03-06,248.09373474121094,165.71388244628906,139.4134979248047,121.61000061035156,96.48735809326172
2019-03-07,246.0183868408203,163.68014526367188,138.19264221191406,121.51000213623047,97.11307525634766
2019-03-08,245.5264129638672,163.4319305419922,138.15618896484375,122.83999633789062,97.52220153808594
2019-03-11,249.0868377685547,166.8309783935547,140.57058715820312,122.23999786376953,97.23340606689453
2019-03-12,250.0260772705078,167.74758911132812,140.6434326171875,122.9800033569336,97.91525268554688
2019-03-13,251.68104553222656,169.00791931152344,141.19921875,123.83999633789062,97.73072814941406
2019-03-14,251.52003479003906,168.72146606445312,140.62530517578125,122.41000366210938,97.0248031616211
2019-03-15,252.76268005371094,170.2873077392578,140.998779296875,122.97000122070312,97.66657257080078
2019-03-18,253.6791229248047,170.69285583496094,141.90074157714844,123.04000091552734,97.61042785644531
2019-03-19,253.7420654296875,171.26678466796875,141.18101501464844,123.37999725341797,97.39385223388672
2019-03-20,252.9782257080078,171.94598388671875,140.00439453125,124.18000030517578,98.41263580322266
2019-03-21,255.83572387695312,174.6337890625,141.84056091308594,123.68000030517578,98.62918853759766
2019-03-22,250.91172790527344,170.79812622070312,136.67921447753906,123.97000122070312,100.16138458251953
2019-03-25,250.72308349609375,170.472900390625,137.2821044921875,124.91999816894531,100.32185363769531
2019-03-26,252.59193420410156,171.26678466796875,138.72547912597656,124.30000305175781,100.24967956542969
2019-03-27,251.27113342285156,170.1667938232422,138.1865234375,123.6500015258789,101.17214965820312
2019-03-28,252.22364807128906,170.55899047851562,139.4197235107422,121.9000015258789,101.525146484375
2019-03-29,253.81390380859375,171.8502960205078,139.84910583496094,122.01000213623047,101.42882537841797
2019-04-01,256.823974609375,174.12686157226562,141.37466430664062,121.52999877929688,99.9881820678711
2019-04-02,256.9497985839844,174.78683471679688,141.00926208496094,121.9800033569336,100.17306518554688
2019-04-03,257.3540954589844,175.7912139892578,141.74008178710938,121.80000305175781,99.3048095703125
2019-04-04,258.03704833984375,175.7242431640625,142.4343719482422,122.11000061035156,99.58617401123047
2019-04-05,259.2860412597656,176.6329803466797,143.76803588867188,121.9800033569336,99.71480560302734
2019-04-08,259.48370361328125,177.08251953125,143.53053283691406,122.51000213623047,99.36107635498047
2019-04-09,258.15380859375,176.46078491210938,141.77662658691406,123.1500015258789,99.67461395263672
2019-04-10,259.0343017578125,177.40774536132812,143.70413208007812,123.52999877929688,99.91584777832031
2019-04-11,258.9624938964844,176.98687744140625,143.5214080810547,121.94999694824219,99.3289566040039
2019-04-12,260.7146301269531,177.7521209716797,144.04209899902344,121.83000183105469,98.62145233154297
2019-04-15,260.5439147949219,177.78082275390625,143.57620239257812,121.5999984741211,98.87065124511719
2019-04-16,260.7146301269531,178.39291381835938,143.91419982910156,120.51000213623047,98.25163269042969
2019-04-17,260.0766906738281,179.01470947265625,142.59877014160156,120.27999877929688,98.29180908203125
2019-04-18,260.58880615234375,179.2443084716797,142.17852783203125,120.37000274658203,98.80638122558594
2019-04-22,260.8134460449219,179.75123596191406,141.80398559570312,120.37000274658203,98.3320083618164
2019-04-23,263.15863037109375,182.03732299804688,143.9416046142578,120.12000274658203,98.5409927368164
2019-04-24,262.5745849609375,181.46343994140625,144.38925170898438,120.47000122070312,99.34503936767578
2019-04-25,262.41278076171875,182.1999969482422,143.19247436523438,120.56999969482422,99.20030212402344
2019-04-26,263.6347351074219,182.36260986328125,144.58106994628906,121.37000274658203,99.5379409790039
2019-04-29,264.048095703125,182.7164764404297,145.27529907226562,120.83000183105469,98.9028091430664
2019-04-30,264.182861328125,181.30084228515625,144.59934997558594,121.19999694824219,99.40931701660156
2019-05-01,262.19708251953125,180.7173614501953,143.22906494140625,120.4000015258789,99.81941223144531
2019-05-02,261.63104248046875,179.93296813964844,143.89598083496094,119.94000244140625,99.34406280517578
2019-05-03,264.1918640136719,182.80258178710938,146.6456298828125,120.6500015258789,99.62600708007812
2019-05-06,263.1047058105469,181.68344116210938,146.81002807617188,120.80999755859375,99.89993286132812
2019-05-07,258.7109375,178.14425659179688,143.9050750732422,121.20999908447266,100.66529846191406
2019-05-08,258.3515319824219,177.69468688964844,143.20169067382812,120.91000366210938,100.23027801513672
2019-05-09,257.5697937011719,176.73822021484375,142.68093872070312,121.19999694824219,100.64115142822266
2019-05-10,258.8636474609375,176.95819091796875,143.0738067626953,121.43000030517578,100.5041732788086
2019-05-13,252.35836791992188,170.81723022460938,138.515380859375,122.66999816894531,101.29371643066406
2019-05-14,254.64060974121094,172.69204711914062,140.26016235351562,122.45999908447266,100.99565887451172
2019-05-15,256.13214111328125,175.13119506835938,140.7169189453125,122.38999938964844,101.61595916748047
2019-05-16,258.50421142578125,176.89122009277344,141.5939178466797,121.51000213623047,101.27763366699219
2019-05-17,256.8330078125,175.08340454101562,139.62071228027344,120.6500015258789,101.5031967163086
2019-05-20,255.1348419189453,172.127685546875,138.65240478515625,120.63999938964844,101.29371643066406
2019-05-21,257.43499755859375,173.92596435546875,140.51596069335938,120.36000061035156,101.1325912475586
2019-05-22,256.6443176269531,173.1511993408203,139.33753967285156,120.23999786376953,101.712646484375
2019-05-23,253.5084686279297,170.5016326904297,136.4691162109375,121.16999816894531,102.85667419433594
2019-05-24,254.0835418701172,170.41549682617188,137.74801635742188,121.30000305175781,102.94529724121094
2019-05-28,251.72042846679688,169.77467346191406,136.65179443359375,120.83000183105469,103.68647766113281
2019-05-29,250.03123474121094,168.3780975341797,135.5099639892578,120.87000274658203,104.00067901611328
2019-05-30,250.71412658691406,169.0859832763672,135.13536071777344,121.69000244140625,104.89495849609375
2019-05-31,247.3356475830078,166.3885040283203,133.2444305419922,123.33000183105469,106.20813751220703
2019-06-03,246.70664978027344,162.72494506835938,133.71029663085938,125.11000061035156,106.91858673095703
2019-06-04,252.06179809570312,167.3068084716797,137.1725311279297,125.1500015258789,105.69955444335938
2019-06-05,254.24520874023438,168.55029296875,137.19985961914062,125.47000122070312,105.10214233398438
2019-06-06,255.8984832763672,169.88941955566406,136.8436737060547,125.87999725341797,105.44122314453125
2019-06-07,258.4593505859375,173.1702880859375,137.8119659423828,126.58999633789062,106.35348510742188
2019-06-10,259.645263671875,175.1885986328125,138.62501525878906,125.33000183105469,105.3524398803711
2019-06-11,259.5824890136719,175.4276885986328,138.21389770507812,125.18000030517578,105.41702270507812
2019-06-12,259.124267578125,174.41380310058594,138.3692169189453,125.83000183105469,105.49771881103516
2019-06-13,260.19342041015625,175.44686889648438,139.83082580566406,126.5999984741211,105.86102294921875
2019-06-14,259.9059753417969,174.70077514648438,138.60671997070312,126.55999755859375,106.12740325927734
2019-06-17,260.0047607421875,175.75302124023438,139.56288146972656,126.4800033569336,106.3130874633789
2019-06-18,262.72735595703125,178.30690002441406,141.1855010986328,127.12000274658203,106.845947265625
2019-06-19,263.3203430175781,178.97647094726562,141.68966674804688,127.88999938964844,106.99931335449219
2019-06-20,265.8361511230469,180.64083862304688,142.35887145996094,131.11000061035156,107.28181457519531
2019-06-21,265.4496765136719,180.37298583984375,141.1304168701172,131.97999572753906,106.10321807861328
2019-06-24,265.1246643066406,180.37875366210938,139.4161834716797,133.94000244140625,106.89433288574219
2019-06-25,262.52435302734375,177.28231811523438,138.56362915039062,134.1999969482422,107.22535705566406
2019-06-26,262.2625427246094,178.10671997070312,138.24278259277344,132.97000122070312,106.53910827636719
2019-06-27,263.1924743652344,178.78736877441406,140.83714294433594,132.83999633789062,107.2899169921875
2019-06-28,264.5468444824219,179.0174560546875,142.55145263671875,133.1999969482422,107.21727752685547
2019-07-01,266.94854736328125,181.43325805664062,143.1014862060547,130.6199951171875,106.9665298461914
2019-07-02,267.64385986328125,182.15223693847656,142.2305450439453,133.41000366210938,107.79158020019531
2019-07-03,269.7835388183594,183.5230712890625,143.24813842773438,133.6300048828125,108.56001281738281
2019-07-05,269.47662353515625,183.1492156982422,143.63314819335938,132.13999938964844,107.12019348144531
2019-07-08,267.9958801269531,181.86465454101562,142.26727294921875,131.2899932861328,107.26577758789062
2019-07-09,268.3299560546875,182.77537536621094,142.45970153808594,131.75,107.22532653808594
2019-07-10,269.6120300292969,184.59674072265625,142.70724487304688,133.8300018310547,106.63487243652344
2019-07-11,270.2440185546875,184.4625701904297,142.01052856445312,132.6999969482422,105.21125793457031
2019-07-12,271.4539489746094,185.52664184570312,143.11062622070312,133.52999877929688,105.33256530761719
2019-07-15,271.5442199707031,186.1210174560547,142.35887145996094,133.52999877929688,105.93924713134766
2019-07-16,270.66851806640625,185.16238403320312,142.3130645751953,132.39999389648438,105.62379455566406
2019-07-17,268.8265380859375,184.25164794921875,141.29550170898438,134.5800018310547,106.7642822265625
2019-07-18,269.8106384277344,184.4625701904297,141.82720947265625,136.47999572753906,106.77239227294922
2019-07-19,268.3119201660156,183.11085510253906,141.0113067626953,134.47000122070312,106.52162170410156
2019-07-22,268.9710388183594,184.56802368164062,140.88291931152344,134.4499969482422,106.72386169433594
2019-07-23,270.8941650390625,185.7759552001953,141.81802368164062,133.69000244140625,106.14147186279297
2019-07-24,272.1672058105469,187.07965087890625,144.16485595703125,134.3699951171875,106.60248565673828
2019-07-25,270.8670349121094,185.30616760253906,142.42308044433594,133.4199981689453,106.09291076660156
2019-07-26,272.6819152832031,187.21383666992188,144.10983276367188,133.63999938964844,106.34371948242188
2019-07-29,272.185302734375,186.57159423828125,143.1472930908203,134.52999877929688,106.37600708007812
2019-07-30,271.51708984375,185.76632690429688,144.696533203125,134.97999572753906,106.63487243652344
2019-07-31,268.546630859375,183.19715881347656,143.5231475830078,133.2100067138672,107.4922866821289
2019-08-01,266.2081604003906,182.28643798828125,141.44216918945312,136.41000366210938,109.62712097167969
2019-08-02,264.20379638671875,179.6022186279297,139.8745880126953,135.88999938964844,110.64026641845703
2019-08-05,256.25830078125,173.25599670410156,135.67588806152344,137.7899932861328,112.55302429199219
2019-08-06,259.85174560546875,175.68138122558594,136.9227294921875,138.91000366210938,113.45266723632812
2019-08-07,260.0053405761719,176.63043212890625,136.88601684570312,141.02000427246094,113.49319458007812
2019-08-08,265.1065673828125,180.47459411621094,139.83786010742188,141.72999572753906,113.73631286621094
2019-08-09,263.3009033203125,178.77781677246094,138.07778930664062,141.25999450683594,113.5093765258789
2019-08-12,260.0955810546875,176.7262725830078,136.2901153564453,142.6300048828125,115.87599182128906
2019-08-13,264.1405334472656,180.5992431640625,137.75694274902344,141.77999877929688,115.47884368896484
2019-08-14,256.3305358886719,175.20205688476562,133.90664672851562,142.75,118.08057403564453
2019-08-15,257.0076904296875,175.000732421875,133.3749237060547,143.6999969482422,119.39351654052734
2019-08-16,260.7999267578125,177.80955505371094,136.2534942626953,142.77999877929688,118.43716430664062
2019-08-19,263.9419250488281,180.63755798339844,137.62860107421875,141.11000061035156,116.74325561523438
2019-08-20,261.91949462890625,179.23794555664062,136.7301788330078,142.2100067138672,117.9509506225586
2019-08-21,264.0502624511719,180.8292999267578,137.85777282714844,141.75999450683594,117.16471099853516
2019-08-22,263.968994140625,180.24456787109375,137.5369110107422,141.39999389648438,116.38666534423828
2019-08-23,257.1883850097656,174.54058837890625,133.3199462890625,144.1699981689453,118.29938507080078
2019-08-26,260.0323486328125,177.17686462402344,134.78671264648438,144.19000244140625,117.82124328613281
2019-08-27,259.0121154785156,176.80294799804688,132.7882843017578,145.57000732421875,119.63668823242188
2019-08-28,260.8359680175781,177.43568420410156,134.3375244140625,145.16000366210938,119.79074096679688
2019-08-29,264.1676330566406,180.14866638183594,136.69351196289062,144.1199951171875,119.33682250976562
2019-08-30,264.0502624511719,179.71731567382812,136.44601440429688,143.75,119.36921691894531
2019-09-03,262.50634765625,177.97254943847656,134.44749450683594,145.75,119.52356719970703
2019-09-04,265.4858093261719,180.54171752929688,135.52923583984375,146.66000366210938,119.70211791992188
2019-09-05,268.8987731933594,183.84902954101562,138.05027770996094,143.13999938964844,117.53433227539062
2019-09-06,269.1063232421875,183.6669158935547,137.41770935058594,141.9199981689453,118.37057495117188
2019-09-09,269.2418518066406,183.28346252441406,139.26039123535156,141.38999938964844,116.26766967773438
2019-09-10,269.1786804199219,182.75621032714844,141.0387725830078,140.17999267578125,114.229736328125
2019-09-11,271.0928039550781,184.47213745117188,143.92648315429688,141.02999877929688,114.02676391601562
2019-09-12,272.03179931640625,185.23904418945312,143.963134765625,141.32000732421875,113.2797622680664
2019-09-13,271.85125732421875,184.57757568359375,144.210693359375,140.14999389648438,110.86027526855469
2019-09-16,271.011474609375,183.75314331054688,144.75155639648438,141.32000732421875,112.27301788330078
2019-09-17,271.6977844238281,184.63516235351562,144.37571716308594,141.60000610351562,112.88196563720703
2019-09-18,271.8602600097656,184.55844116210938,143.4864959716797,140.7100067138672,113.36097717285156
2019-09-19,271.8421325683594,184.86517333984375,142.7897491455078,141.27999877929688,113.7020034790039
2019-09-20,270.5577392578125,182.9095916748047,142.48721313476562,142.9499969482422,115.2040786743164
2019-09-23,270.4942932128906,182.990234375,142.37725830078125,143.75,115.1797866821289
2019-09-24,268.3717956542969,180.55999755859375,140.2281951904297,144.50999450683594,116.56813049316406
2019-09-25,269.95916748046875,182.58682250976562,141.76458740234375,141.8300018310547,114.8630599975586
2019-09-26,269.396728515625,181.9143829345703,140.18223571777344,141.7899932861328,115.6019287109375
2019-09-27,267.9454650878906,179.6570587158203,139.0598907470703,141.05999755859375,115.88606262207031
2019-09-30,269.1880798339844,181.3668975830078,139.2254638671875,138.8699951171875,116.17024993896484
2019-10-01,265.9862060546875,179.88758850097656,136.49319458007812,139.6300048828125,116.52001953125
2019-10-02,261.2875671386719,176.7945098876953,135.46286010742188,141.25999450683594,116.8046646118164
2019-10-03,263.4283447265625,178.73486328125,135.91368103027344,141.89999389648438,117.87014770507812
2019-10-04,266.9930114746094,181.3668975830078,137.20162963867188,141.89999389648438,118.74040985107422
2019-10-07,265.841064453125,180.8193817138672,136.96241760253906,140.69000244140625,117.75627899169922
2019-10-08,261.7138977050781,178.1105194091797,134.73606872558594,141.9199981689453,118.07347869873047
2019-10-09,264.1992492675781,179.84913635253906,135.35247802734375,142.0500030517578,117.4065933227539
2019-10-10,265.9862060546875,181.24195861816406,135.89523315429688,140.80999755859375,115.65782165527344
2019-10-11,268.74371337890625,183.57620239257812,138.19515991210938,140.02999877929688,114.22633361816406
2019-10-14,268.4443054199219,183.55694580078125,137.6891632080078,140.58999633789062,115.05599975585938
2019-10-15,271.1020202636719,185.8911895751953,139.27145385742188,139.61000061035156,113.66516876220703
2019-10-16,270.66656494140625,185.43011474609375,139.41868591308594,140.41000366210938,113.80339813232422
2019-10-17,271.4648742675781,185.92001342773438,141.06541442871094,140.61000061035156,113.52686309814453
2019-10-18,270.276611328125,184.13333129882812,140.393798828125,140.4600067138672,113.52686309814453
2019-10-21,272.10882568359375,185.76632690429688,141.7093048095703,139.7899932861328,112.67286682128906
2019-10-22,271.2199401855469,184.2870635986328,141.86573791503906,140.1999969482422,113.33167266845703
2019-10-23,272.0090637207031,184.6424560546875,142.04054260253906,140.52999877929688,113.445556640625
2019-10-24,272.4535827636719,186.43875122070312,141.83810424804688,141.52999877929688,113.21782684326172
2019-10-25,273.56927490234375,187.92759704589844,142.592529296875,141.86000061035156,112.66471862792969
2019-10-28,275.1112976074219,189.78155517578125,143.82525634765625,140.63999938964844,111.6399154663086
2019-10-29,275.0296630859375,188.31182861328125,144.29437255859375,140.25,111.71308135986328
2019-10-30,275.8731689453125,189.22438049316406,143.81602478027344,141.02000427246094,113.3479995727539
2019-10-31,275.1383972167969,189.3108673095703,143.0064697265625,142.42999267578125,114.87701416015625
2019-11-01,277.68719482421875,191.03025817871094,145.44432067871094,142.55999755859375,114.5234146118164
2019-11-04,278.8029479980469,192.21180725097656,146.2262725830078,142.14999389648438,113.0160903930664
2019-11-05,278.4945068359375,192.3175048828125,146.41024780273438,139.85000610351562,111.74507141113281
2019-11-06,278.5580749511719,191.8851776123047,145.56394958496094,140.4499969482422,112.42131805419922
2019-11-07,279.5376892089844,192.52874755859375,145.95033264160156,138.27000427246094,110.38443756103516
2019-11-08,280.2270202636719,193.29725646972656,146.3459014892578,137.38999938964844,109.92001342773438
2019-11-11,279.6918029785156,193.03793334960938,146.06991577148438,137.05999755859375,109.99333953857422
2019-11-12,280.2814025878906,193.5950164794922,146.1159210205078,137.42999267578125,110.49851989746094
2019-11-13,280.3722229003906,193.64308166503906,145.49032592773438,137.97999572753906,111.21550750732422
2019-11-14,280.78033447265625,193.4893798828125,145.44432067871094,138.55999755859375,112.36432647705078
2019-11-15,282.8121032714844,194.91107177734375,146.19869995117188,138.2100067138672,112.24207305908203
2019-11-18,283.0207824707031,195.06472778320312,145.8306884765625,138.6199951171875,112.44577026367188
2019-11-19,282.9391784667969,195.35289001464844,146.3734893798828,138.69000244140625,113.38278198242188
2019-11-20,281.8870544433594,194.18099975585938,145.821533203125,138.75999450683594,114.55604553222656
2019-11-21,281.4334716796875,193.74876403808594,145.10397338867188,138.0,113.83905029296875
2019-11-22,282.0592956542969,193.8736114501953,145.5547637939453,137.74000549316406,113.9856948852539
2019-11-25,284.2453308105469,196.1693878173828,148.6458282470703,137.0800018310547,114.31968688964844
2019-11-26,284.88934326171875,196.5440673828125,148.74697875976562,137.74000549316406,114.98782348632812
2019-11-27,286.1591796875,197.91761779785156,149.79571533203125,137.00999450683594,114.65386199951172
2019-11-29,285.0979309082031,197.01475524902344,148.82058715820312,137.86000061035156,114.40943145751953
2019-12-02,282.67608642578125,194.9975128173828,147.3670654296875,137.7899932861328,112.88394165039062
2019-12-03,280.78033447265625,193.4701690673828,146.89785766601562,139.11000061035156,115.2508316040039
2019-12-04,282.5127868652344,194.44992065429688,147.9097900390625,138.9199981689453,114.10005950927734
2019-12-05,283.0207824707031,194.8341827392578,148.05703735351562,139.0,113.54501342773438
2019-12-06,285.60589599609375,196.91868591308594,149.7865447998047,137.6199951171875,112.91663360595703
2019-12-09,284.7078552246094,196.0253143310547,149.5013427734375,137.5800018310547,113.16143798828125
2019-12-10,284.3905029296875,195.8619842529297,149.59329223632812,137.97000122070312,113.16958618164062
2019-12-11,285.1976623535156,196.89939880371094,149.5473175048828,138.9199981689453,114.05926513671875
2019-12-12,287.6558532714844,198.36907958984375,150.8352508544922,138.42999267578125,112.18207550048828
2019-12-13,287.8282470703125,199.0222930908203,150.25575256347656,139.0500030517578,113.479736328125
2019-12-16,289.8055419921875,201.02032470703125,151.31478881835938,139.0399932861328,112.45951080322266
2019-12-17,289.86907958984375,201.13555908203125,152.0718536376953,139.00999450683594,112.30449676513672
2019-12-18,289.88726806640625,201.28924560546875,152.36737060546875,139.02000427246094,111.38220977783203
2019-12-19,291.075439453125,202.5476531982422,153.02288818359375,139.3800048828125,111.5604248046875
2019-12-20,292.35162353515625,203.36415100097656,153.24449157714844,139.52000427246094,111.7075424194336
2019-12-23,292.7982177734375,203.90127563476562,153.54922485351562,139.9499969482422,111.54402923583984
2019-12-24,292.8073425292969,204.0071563720703,153.90005493164062,141.27000427246094,111.86287689208984
2019-12-26,294.3660583496094,205.80734252929688,153.90005493164062,142.3800048828125,112.13259887695312
2019-12-27,294.2931213378906,205.63412475585938,153.14297485351562,142.3300018310547,112.25527954101562
2019-12-30,292.67059326171875,204.28639221191406,152.7551727294922,142.6300048828125,111.8465576171875
2019-12-31,293.381591796875,204.6714324951172,152.96749877929688,142.89999389648438,110.75112915039062
2020-01-02,296.125244140625,208.0888671875,153.06906127929688,143.9499969482422,112.00189208984375
2020-01-03,293.8829345703125,206.18276977539062,152.4689178466797,145.86000061035156,113.72666931152344
2020-01-06,295.0040588378906,207.51123046875,152.67202758789062,147.38999938964844,113.08092498779297
2020-01-07,294.17462158203125,207.4823760986328,152.16419982910156,147.97000122070312,112.52497863769531
2020-01-08,295.7425231933594,209.04190063476562,152.6351318359375,146.86000061035156,111.78116607666016
2020-01-09,297.7477722167969,210.81321716308594,152.81976318359375,146.02999877929688,112.17350006103516
2020-01-10,296.8909912109375,210.27410888671875,152.24732971191406,146.91000366210938,113.17081451416016
2020-01-13,298.9327392578125,212.7000274658203,153.23526000976562,145.82000732421875,112.82750701904297
2020-01-14,298.47705078125,211.8625030517578,153.7984619140625,145.69000244140625,113.40789031982422
2020-01-15,299.1515197753906,211.94918823242188,154.53713989257812,146.5399932861328,114.15999603271484
2020-01-16,301.6400146484375,213.98037719726562,156.5315704345703,146.30999755859375,113.80032348632812
2020-01-17,302.57891845703125,215.03929138183594,156.10682678222656,146.5800018310547,112.82750701904297
2020-01-21,301.986328125,214.94300842285156,154.814208984375,146.74000549316406,114.01285552978516
2020-01-22,302.0228576660156,215.51100158691406,154.7126007080078,146.7899932861328,114.41336822509766
2020-01-23,302.36920166015625,216.2041015625,154.61102294921875,147.1199951171875,115.21450805664062
2020-01-24,299.68023681640625,214.3847198486328,152.70892333984375,147.97999572753906,116.14639282226562
2020-01-27,294.87652587890625,209.95643615722656,150.97311401367188,148.99000549316406,117.95307159423828
2020-01-28,297.966552734375,213.1813507080078,152.22879028320312,147.66000366210938,117.02932739257812
2020-01-29,297.7204895019531,213.5279083251953,151.36093139648438,148.4600067138672,118.17375946044922
2020-01-30,298.6866760253906,214.2884063720703,151.36093139648438,148.47000122070312,118.1900863647461
2020-01-31,293.26318359375,210.8901824951172,148.2216033935547,149.3300018310547,119.26911163330078
2020-02-03,295.4416809082031,214.07664489746094,149.87437438964844,148.36000061035156,119.1725082397461
2020-02-04,299.9444885253906,218.97654724121094,152.13653564453125,146.42999267578125,117.56764221191406
2020-02-05,303.40826416015625,219.6985626220703,154.4817657470703,146.61000061035156,116.2820816040039
2020-02-06,304.4292907714844,221.5950469970703,154.13087463378906,147.39999389648438,116.8061752319336
2020-02-07,302.8067626953125,220.6419677734375,152.238037109375,147.7899932861328,118.26361083984375
2020-02-10,305.06732177734375,223.3085479736328,153.0967559814453,148.1699981689453,118.5912094116211
2020-02-11,305.5959777832031,223.34703063964844,154.1585693359375,147.66000366210938,117.9933853149414
2020-02-12,307.5648193359375,225.52268981933594,155.2204132080078,147.5399932861328,117.39562225341797
2020-02-13,307.2367248535156,225.23388671875,155.626708984375,148.3800048828125,117.84605407714844
2020-02-14,307.7290344238281,225.8788299560547,155.02651977539062,149.0,118.36186981201172
2020-02-18,306.9358215332031,225.96546936035156,154.694091796875,150.91000366210938,119.1725082397461
2020-02-19,308.40350341796875,228.1315155029297,155.48818969726562,151.7899932861328,119.16436004638672
2020-02-20,307.1365661621094,226.0136260986328,155.8667755126953,152.41000366210938,120.0978012084961
2020-02-21,303.9734802246094,221.67201232910156,154.2878875732422,154.6999969482422,121.21957397460938
2020-02-24,293.89208984375,213.1235809326172,149.64353942871094,156.08999633789062,123.02921295166016
2020-02-25,284.98651123046875,207.32833862304688,144.32513427734375,153.3000030517578,123.68431854248047
2020-02-26,283.9382019042969,208.3968963623047,142.6539306640625,153.97000122070312,123.02921295166016
2020-02-27,271.18609619140625,197.96168518066406,137.6310272216797,154.0,124.36390686035156
2020-02-28,270.0467529296875,198.11570739746094,135.11041259765625,148.3800048828125,127.17253875732422
2020-03-02,281.7415466308594,208.33917236328125,139.4499969482422,149.1999969482422,126.23686218261719
2020-03-03,273.67462158203125,201.6582794189453,136.6061553955078,153.88999938964844,128.19679260253906
2020-03-04,285.177978515625,210.07196044921875,140.49339294433594,154.16000366210938,126.83552551269531
2020-03-05,275.6981506347656,203.68948364257812,136.02447509765625,157.49000549316406,129.9926300048828
2020-03-06,271.1405029296875,200.25282287597656,133.328369140625,157.5500030517578,136.7579345703125
2020-03-09,249.96591186523438,186.3423614501953,120.3648452758789,157.80999755859375,140.4644317626953
2020-03-10,262.900390625,196.4888153076172,124.12279510498047,154.47999572753906,133.2645263671875
2020-03-11,250.08444213867188,187.93075561523438,116.22834777832031,153.92999267578125,128.36074829101562
2020-03-12,226.15704345703125,170.69911193847656,103.38489532470703,147.7899932861328,129.1562042236328
2020-03-13,245.4903564453125,185.15826416015625,110.3098373413086,143.27999877929688,126.23686218261719
2020-03-16,218.62796020507812,162.97860717773438,95.67510223388672,141.63999938964844,134.41268920898438
2020-03-17,230.4320831298828,175.33912658691406,100.06089782714844,143.55999755859375,125.44960021972656
2020-03-18,218.76467895507812,170.0059814453125,92.30496215820312,140.6999969482422,118.37271118164062
2020-03-19,219.22950744628906,171.0264129638672,95.90592956542969,138.0399932861328,121.5954818725586
2020-03-20,209.78199768066406,164.32627868652344,93.62532806396484,140.11000061035156,130.73883056640625
2020-03-23,204.41822814941406,164.44497680664062,92.24032592773438,146.3000030517578,136.1265411376953
2020-03-24,222.93919372558594,177.1791534423828,100.67951965332031,153.39999389648438,133.59263610839844
2020-03-25,226.27662658691406,175.86712646484375,101.93081665039062,151.3000030517578,133.28919982910156
2020-03-26,239.48890686035156,185.12840270996094,108.27079772949219,153.24000549316406,133.94520568847656
2020-03-27,232.35557556152344,178.76126098632812,104.33150482177734,152.25,137.52061462402344
2020-03-30,239.9014892578125,185.26344299316406,106.63018035888672,152.9199981689453,136.38888549804688
2020-03-31,236.32566833496094,183.68133544921875,106.09261322021484,148.0500030517578,135.28182983398438
2020-04-01,225.6898651123047,175.8767852783203,98.86282348632812,149.4499969482422,137.17723083496094
2020-04-02,230.897705078125,179.4462127685547,99.79898071289062,151.89999389648438,138.04774475097656
2020-04-03,227.56027221679688,176.89939880371094,96.97195434570312,152.64999389648438,138.37631225585938
2020-04-06,242.8446807861328,189.54676818847656,104.3963851928711,156.8800048828125,138.0149383544922
2020-04-07,243.0922393798828,189.46961975097656,104.6651840209961,156.0399932861328,136.56956481933594
2020-04-08,251.25247192382812,193.492431640625,109.43871307373047,154.64999389648438,135.57583618164062
2020-04-09,255.0757598876953,193.77223205566406,114.67567443847656,158.69000244140625,135.8222198486328
2020-04-13,252.74693298339844,195.8656768798828,111.57054901123047,161.41000366210938,134.58218383789062
2020-04-14,260.201171875,204.38401794433594,113.83219909667969,162.67999267578125,134.5493927001953
2020-04-15,254.67242431640625,202.03977966308594,109.18843078613281,161.85000610351562,138.11349487304688
2020-04-16,255.90101623535156,205.72499084472656,108.36348724365234,161.7100067138672,139.68199157714844
2020-04-17,262.81427001953125,207.6929931640625,113.13703155517578,158.57000732421875,137.80958557128906
2020-04-20,258.18408203125,205.2329559326172,111.80229187011719,159.6999969482422,138.918212890625
2020-04-21,250.3447265625,197.66001892089844,109.13279724121094,158.61000061035156,140.66738891601562
2020-04-22,255.90101623535156,203.52548217773438,110.45828247070312,161.72999572753906,139.23033142089844
2020-04-23,255.88272094726562,203.09132385253906,111.5427474975586,163.33999633789062,139.96945190429688
2020-04-24,259.44927978515625,206.294189453125,113.46143341064453,162.63999938964844,140.29786682128906
2020-04-27,263.1902160644531,207.9534912109375,117.9568862915039,161.55999755859375,137.6864776611328
2020-04-28,261.9798583984375,204.0367431640625,119.671630859375,160.83999633789062,139.2713623046875
2020-04-29,268.83819580078125,211.27210998535156,125.55743408203125,161.72999572753906,138.54867553710938
2020-04-30,266.3351135253906,211.1852569580078,120.78390502929688,158.8000030517578,136.93093872070312
2020-05-01,259.2843322753906,205.2329559326172,115.99186706542969,159.77999877929688,138.10357666015625
2020-05-04,259.99957275390625,207.62551879882812,116.49240112304688,160.33999633789062,137.45396423339844
2020-05-05,262.40167236328125,209.9794158935547,117.3914794921875,161.02000427246094,136.57403564453125
2020-05-06,260.6229553222656,211.27210998535156,116.52944946289062,158.9499969482422,134.37030029296875
2020-05-07,263.767822265625,213.9925994873047,118.12373352050781,161.38999938964844,136.6151885986328
2020-05-08,268.1322021484375,216.9253387451172,122.68407440185547,160.4199981689453,134.83897399902344
2020-05-11,268.1871643066406,218.86444091796875,122.0722885131836,159.4199981689453,133.78646850585938
2020-05-12,262.8417663574219,214.28196716308594,117.68807983398438,160.0399932861328,135.15972900390625
2020-05-13,258.1932067871094,211.60008239746094,113.74874114990234,161.5800018310547,136.10528564453125
2020-05-14,261.2831115722656,214.0022430419922,114.11952209472656,163.00999450683594,137.4374542236328
2020-05-15,262.4842224121094,215.39144897460938,115.93624114990234,163.92999267578125,137.08383178710938
2020-05-18,270.4793395996094,219.40460205078125,122.98067474365234,162.69000244140625,134.07427978515625
2020-05-19,267.7012634277344,218.85475158691406,120.55218505859375,164.25999450683594,134.5758514404297
2020-05-20,272.24896240234375,223.22486877441406,124.20417785644531,164.64999389648438,134.97877502441406
2020-05-21,270.3692932128906,220.79380798339844,124.42664337158203,162.25,135.31591796875
2020-05-22,270.8828430175781,221.5559539794922,125.0290756225586,163.2100067138672,136.1300811767578
2020-05-26,274.22027587890625,220.95782470703125,128.634765625,160.88999938964844,134.30445861816406
2020-05-27,278.30047607421875,222.16368103027344,132.62962341308594,161.17999267578125,134.0577850341797
2020-05-28,277.7869873046875,221.87429809570312,129.4874725341797,161.72000122070312,133.564453125
2020-05-29,279.0247497558594,225.12538146972656,128.74594116210938,162.91000366210938,134.5182647705078
2020-06-01,280.1524963378906,225.80062866210938,129.97872924804688,163.66000366210938,133.6127166748047
2020-06-02,282.47216796875,227.3152618408203,131.05393981933594,162.60000610351562,133.12689208984375
2020-06-03,286.23138427734375,228.337890625,134.21466064453125,159.60000610351562,131.356689453125
2020-06-04,285.4795227050781,226.73646545410156,134.01998901367188,161.27999877929688,129.45468139648438
2020-06-05,292.7962341308594,231.23202514648438,139.2013397216797,158.00999450683594,128.53256225585938
2020-06-08,296.33538818359375,233.02638244628906,141.89865112304688,159.72000122070312,129.0266571044922
2020-06-09,294.125732421875,234.7146453857422,139.27549743652344,161.25999450683594,130.4921417236328
2020-06-10,292.4844665527344,237.53158569335938,135.49375915527344,163.57000732421875,132.42697143554688
2020-06-11,275.623046875,225.76210021972656,125.15888977050781,162.38999938964844,134.9300079345703
2020-06-12,278.92388916015625,227.5564422607422,128.16200256347656,162.6199951171875,133.6290740966797
2020-06-15,281.5276794433594,230.32518005371094,131.12510681152344,162.3300018310547,133.7032012939453
2020-06-16,286.94659423828125,234.28050231933594,134.2779083251953,162.25,131.65306091308594
2020-06-17,285.7546081542969,235.0233154296875,131.8505401611328,162.55999755859375,132.1964569091797
2020-06-18,285.8646545410156,235.66001892089844,131.80401611328125,162.24000549316406,133.59609985351562
2020-06-19,284.2309875488281,235.62149047851562,131.12510681152344,164.02999877929688,133.7032012939453
2020-06-22,286.0543518066406,238.44717407226562,132.43646240234375,165.08999633789062,133.7196807861328
2020-06-23,287.3712158203125,240.4766082763672,132.9944305419922,166.47999572753906,132.80577087402344
2020-06-24,280.04083251953125,235.51902770996094,128.6791229248047,165.89999389648438,134.2301025390625
2020-06-25,283.04302978515625,237.7610321044922,130.6228790283203,165.8000030517578,134.61712646484375
2020-06-26,276.3203125,232.1463165283203,127.10736083984375,166.5399932861328,136.05792236328125
2020-06-29,280.38153076171875,234.6782684326172,131.26461791992188,166.6300048828125,135.62986755371094
2020-06-30,283.9730529785156,239.2782745361328,133.161865234375,167.3699951171875,134.97116088867188
2020-07-01,285.9622802734375,242.07115173339844,131.89697265625,166.6199951171875,134.7090301513672
2020-07-02,287.5369873046875,243.71400451660156,132.43646240234375,166.97999572753906,134.8491668701172
2020-07-06,291.9758605957031,249.7056427001953,133.39434814453125,167.97999572753906,134.2968292236328
2020-07-07,288.9645080566406,247.9854736328125,131.03207397460938,169.0399932861328,136.1845245361328
2020-07-08,291.1746520996094,251.2517852783203,132.0086212158203,170.08999633789062,135.64047241210938
2020-07-09,289.5169982910156,253.3683319091797,129.33944702148438,169.6300048828125,137.80023193359375
2020-07-10,292.47308349609375,255.0980224609375,131.4226837158203,169.19000244140625,137.1077423095703
2020-07-13,289.9406433105469,249.8506317138672,129.75796508789062,169.39999389648438,137.56117248535156
2020-07-14,293.6978759765625,251.619140625,131.90631103515625,170.19000244140625,137.759033203125
2020-07-15,296.3962097167969,252.13124084472656,136.74246215820312,170.33999633789062,137.11602783203125
2020-07-16,295.42010498046875,250.4110107421875,135.93336486816406,168.72999572753906,137.76719665527344
2020-07-17,296.2765197753906,250.70108032226562,136.333251953125,170.1199951171875,137.47869873046875
2020-07-20,298.67083740234375,257.81365966796875,135.74734497070312,170.94000244140625,137.81671142578125
2020-07-21,299.3063659667969,255.12705993652344,137.67251586914062,173.0,137.8991241455078
2020-07-22,301.0100402832031,256.02581787109375,137.7469024658203,175.6300048828125,138.31121826171875
2020-07-23,297.41845703125,249.33843994140625,137.88645935058594,177.17999267578125,139.92691040039062
2020-07-24,295.50286865234375,246.970703125,135.85894775390625,178.6999969482422,139.91860961914062
2020-07-27,297.6578063964844,251.37747192382812,137.27256774902344,182.22999572753906,139.3993377685547
2020-07-28,295.7699890136719,248.1787109375,135.9054718017578,183.75,140.3638153076172
2020-07-29,299.4076232910156,251.03927612304688,138.90013122558594,185.1300048828125,140.12472534179688
2020-07-30,298.3393859863281,252.35354614257812,138.35142517089844,183.75999450683594,141.04800415039062
2020-07-31,300.6968994140625,256.8569030761719,137.0493927001953,185.42999267578125,140.9573211669922
2020-08-03,302.787353515625,260.3262939453125,139.28143310546875,185.63999938964844,140.2476348876953
2020-08-04,303.9569396972656,261.2926330566406,140.23934936523438,189.58999633789062,141.58444213867188
2020-08-05,305.8448791503906,261.940185546875,143.02947998046875,191.35000610351562,140.34671020507812
2020-08-06,307.8891906738281,265.40948486328125,142.9737091064453,193.88999938964844,141.13055419921875
2020-08-07,308.11029052734375,262.3459777832031,145.24298095703125,190.80999755859375,140.1898193359375
2020-08-10,309.0311279296875,261.2249450683594,146.74960327148438,190.14999389648438,139.56265258789062
2020-08-11,306.4802551269531,256.2770690917969,145.90330505371094,179.94000244140625,137.90396118164062
2020-08-12,310.7533264160156,262.722900390625,146.49856567382812,179.10000610351562,136.6495819091797
2020-08-13,310.19140625,263.3221130371094,146.19161987304688,183.3300018310547,135.1889190673828
2020-08-14,310.20068359375,263.01275634765625,146.0985870361328,182.5399932861328,134.66078186035156
2020-08-17,311.1861877441406,266.0666198730469,146.85189819335938,186.5,134.99917602539062
2020-08-18,311.8583984375,268.6275634765625,145.4475555419922,188.17999267578125,135.9646453857422
2020-08-19,310.55987548828125,266.8204040527344,145.45684814453125,182.24000549316406,135.1147003173828
2020-08-20,311.52685546875,270.521728515625,144.86166381835938,183.5,136.3360595703125
2020-08-21,312.6318664550781,272.3963928222656,143.7921142578125,182.02999877929688,137.15296936035156
2020-08-24,315.79986572265625,274.0972595214844,145.29873657226562,181.0,136.93020629882812
2020-08-25,316.90496826171875,276.25238037109375,145.45684814453125,181.22000122070312,135.8821258544922
2020-08-26,320.0821228027344,282.14739990234375,144.54544067382812,183.36000061035156,135.3622589111328
2020-08-27,320.7820739746094,281.26800537109375,144.8988494873047,181.24000549316406,133.05984497070312
2020-08-28,322.8540954589844,282.6982116699219,146.12644958496094,184.38999938964844,132.96083068847656
2020-08-31,321.6845703125,284.96917724609375,144.5547332763672,184.8300018310547,133.8438720703125
2020-09-01,324.71429443359375,289.83984375,146.21018981933594,185.0500030517578,135.3747100830078
2020-09-02,329.4110107421875,292.5844421386719,147.37274169921875,182.6199951171875,136.6635284423828
2020-09-03,318.0745544433594,277.7502746582031,143.02020263671875,181.13999938964844,137.0517578125
2020-09-04,315.47760009765625,274.04888916015625,142.10879516601562,181.63999938964844,134.44935607910156
2020-09-08,306.8578186035156,260.8770751953125,139.37448120117188,181.2899932861328,135.27554321289062
2020-09-09,312.9174499511719,268.54058837890625,141.48565673828125,183.0500030517578,134.91204833984375
2020-09-10,307.4840087890625,263.18682861328125,139.6441650390625,182.4600067138672,135.5977783203125
2020-09-11,307.64056396484375,261.36029052734375,138.71409606933594,182.4499969482422,135.88697814941406
2020-09-14,311.6925964355469,265.9119567871094,142.36917114257812,183.88999938964844,135.878662109375
2020-09-15,313.2673645019531,269.68084716796875,142.6388702392578,183.4499969482422,135.54823303222656
2020-09-16,312.0241394042969,265.38043212890625,143.9874267578125,183.97000122070312,135.14332580566406
2020-09-17,309.27984619140625,261.2347106933594,142.9365234375,182.9600067138672,135.5564727783203
2020-09-18,305.7190856933594,257.9006042480469,142.564453125,183.1999969482422,135.1351318359375
2020-09-21,302.3165588378906,258.5190734863281,137.57020568847656,179.52000427246094,135.8208465576172
2020-09-22,305.3955078125,263.3221130371094,138.6304473876953,178.64999389648438,135.71337890625
2020-09-23,298.3131103515625,255.28163146972656,134.5003204345703,174.7899932861328,135.89523315429688
2020-09-24,299.10821533203125,256.4703674316406,134.5003204345703,175.44000244140625,136.4156036376953
2020-09-25,303.9439697265625,262.4329833984375,136.6848602294922,174.94000244140625,136.4156036376953
2020-09-28,308.9923095703125,267.8833923339844,140.05506896972656,176.6999969482422,136.0274200439453
2020-09-29,307.3094177246094,266.6753845214844,139.42025756835938,178.19000244140625,136.1842803955078
2020-09-30,309.6394348144531,268.501953125,139.8403778076172,177.1199951171875,134.87896728515625
2020-10-01,311.6274108886719,272.7637023925781,142.0716094970703,178.6999969482422,135.10145568847656
2020-10-02,308.6686706542969,265.090576171875,142.69712829589844,178.5399932861328,134.59698486328125
2020-10-05,314.1423034667969,270.74395751953125,146.63682556152344,179.41000366210938,131.9670867919922
2020-10-06,309.6764221191406,265.9119567871094,146.21670532226562,177.3000030517578,132.67831420898438
2020-10-07,315.06689453125,270.511962890625,149.40951538085938,177.22000122070312,131.71067810058594
2020-10-08,317.85919189453125,271.95196533203125,151.108642578125,177.85000610351562,132.4219512939453
2020-10-09,320.6977233886719,276.1073913574219,151.89280700683594,181.0800018310547,132.39710998535156
2020-10-12,325.8569641113281,284.6310119628906,152.91043090820312,180.55999755859375,132.81886291503906
2020-10-13,323.7303771972656,284.62127685546875,151.89280700683594,177.72000122070312,133.77000427246094
2020-10-14,321.6962890625,282.2440185546875,150.38975524902344,178.27000427246094,134.07603454589844
2020-10-15,321.2986755371094,280.34991455078125,151.93955993652344,178.9199981689453,133.84439086914062
2020-10-16,321.1044616699219,278.8132629394531,151.5660858154297,178.3000030517578,133.4722442626953
2020-10-19,316.2225341796875,274.2615966796875,149.75491333007812,178.38999938964844,132.96783447265625
2020-10-20,317.4893493652344,274.8511047363281,150.08168029785156,179.25,131.7024383544922
2020-10-21,316.88836669921875,274.6385498046875,148.7933349609375,180.60000610351562,131.24757385253906
2020-10-22,318.6266174316406,274.6288146972656,151.36068725585938,178.8300018310547,129.8830108642578
2020-10-23,319.7083435058594,275.1699523925781,152.23825073242188,178.63999938964844,130.67691040039062
2020-10-26,313.8002014160156,271.0435485839844,148.95205688476562,178.5500030517578,131.89266967773438
2020-10-27,312.71832275390625,273.1599426269531,147.67308044433594,179.02000427246094,132.77760314941406
2020-10-28,302.0300598144531,262.51025390625,143.12657165527344,176.1300048828125,132.901611328125
2020-10-29,305.0997009277344,267.10064697265625,144.83499145507812,175.39999389648438,131.61141967773438
2020-10-30,301.9190979003906,260.3262939453125,142.92117309570312,176.1999969482422,130.31301879882812
2020-11-02,305.30316162109375,260.90606689453125,145.46981811523438,177.91000366210938,131.28916931152344
2020-11-03,310.6935119628906,265.4190979003906,149.59620666503906,178.9199981689453,130.52745056152344
2020-11-04,317.6372985839844,277.26708984375,149.76426696777344,178.82000732421875,133.35894775390625
2020-11-05,323.8321228027344,284.4956359863281,153.95602416992188,182.92999267578125,133.5906982421875
2020-11-06,323.7580871582031,284.70831298828125,152.751708984375,183.19000244140625,131.97637939453125
2020-11-09,327.8264465332031,278.89056396484375,158.28782653808594,175.0800018310547,129.2028045654297
2020-11-10,327.3455810546875,273.8944091796875,161.22857666015625,175.66000366210938,128.4576873779297
2020-11-11,329.7773742675781,280.0212707519531,161.1632537841797,174.89999389648438,128.9213409423828
2020-11-12,326.57818603515625,278.70703125,158.68923950195312,175.9600067138672,131.11524963378906
2020-11-13,331.0993957519531,281.1520080566406,161.9754180908203,177.16000366210938,130.94140625
2020-11-16,335.2324523925781,283.3456726074219,165.83114624023438,177.14999389648438,130.62686157226562
2020-11-17,333.4294738769531,282.4468994140625,166.60598754882812,176.5,131.47955322265625
2020-11-18,329.41668701171875,280.3594970703125,164.27206420898438,175.49000549316406,131.86041259765625
2020-11-19,330.8035888671875,282.55322265625,165.53237915039062,175.16000366210938,132.5392608642578
2020-11-20,328.5382995605469,280.62042236328125,165.70973205566406,175.69000244140625,133.7149200439453
2020-11-23,330.5077819824219,280.6301574707031,168.80923461914062,172.22999572753906,133.10227966308594
2020-11-24,335.83343505859375,284.5729675292969,171.98336791992188,169.58999633789062,131.7776336669922
2020-11-25,335.3156433105469,286.3221740722656,171.3952178955078,169.50999450683594,131.37193298339844
2020-11-27,336.24945068359375,288.9604797363281,172.12339782714844,167.7899932861328,132.6468505859375
2020-11-30,334.7608642578125,289.5498962402344,168.99598693847656,166.6699981689453,132.4813232421875
2020-12-01,338.4222717285156,293.2609558105469,170.5643310546875,170.17999267578125,130.52793884277344
2020-12-02,339.1341857910156,293.6376953125,170.74171447753906,171.4600067138672,129.49208068847656
2020-12-03,339.0417785644531,294.05328369140625,171.7032928466797,172.80999755859375,130.5362091064453
2020-12-04,341.9634704589844,295.2515563964844,175.6990203857422,172.32000732421875,128.6218719482422
2020-12-07,341.2608337402344,296.9234313964844,175.86705017089844,174.88999938964844,129.78207397460938
2020-12-08,342.2593688964844,297.92852783203125,178.12631225585938,175.5,130.39540100097656
2020-12-09,339.1897888183594,291.1830139160156,176.8286895751953,172.5,129.96435546875
2020-12-10,339.0787658691406,292.3523254394531,178.5370635986328,172.1699981689453,131.1163787841797
2020-12-11,338.68121337890625,291.704833984375,177.65953063964844,172.49000549316406,131.5804901123047
2020-12-14,337.16485595703125,293.82135009765625,177.86741638183594,171.5399932861328,131.21585083007812
2020-12-15,341.7231140136719,296.96209716796875,182.3157501220703,173.94000244140625,130.77667236328125
2020-12-16,342.2593688964844,298.59527587890625,181.66017150878906,174.89999389648438,130.4285125732422
2020-12-17,344.1731872558594,300.54742431640625,183.82347106933594,176.74000549316406,130.0834197998047
2020-12-18,342.7991027832031,299.6390075683594,182.933837890625,176.44000244140625,129.69346618652344
2020-12-21,341.5733642578125,299.07855224609375,182.84019470214844,175.8800048828125,130.2078094482422
2020-12-22,340.99761962890625,299.8916931152344,184.919189453125,174.49000549316406,130.87977600097656
2020-12-23,341.3040771484375,298.38134765625,186.49249267578125,175.64999389648438,129.97557067871094
2020-12-24,342.63189697265625,299.6980285644531,186.37075805664062,176.35000610351562,130.48989868164062
2020-12-28,345.5754089355469,302.7187194824219,185.67774963378906,175.7100067138672,130.54794311523438
2020-12-29,344.91607666015625,302.9897155761719,182.08160400390625,176.35000610351562,130.38204956054688
2020-12-30,345.4082336425781,302.99945068359375,183.93592834472656,177.6999969482422,130.6641387939453
2020-12-31,347.1632995605469,303.74481201171875,183.6081085205078,178.36000061035156,130.85498046875
2021-01-04,342.4369812011719,299.45599365234375,181.210693359375,182.3300018310547,130.69729614257812
2021-01-05,344.7954406738281,301.9248046875,184.01077270507812,182.8699951171875,129.72666931152344
2021-01-06,346.85675048828125,297.7424621582031,191.5401611328125,179.89999389648438,127.06361389160156
2021-01-07,352.01019287109375,304.9454040527344,194.94900512695312,179.47999572753906,125.94359588623047
2021-01-08,354.01580810546875,308.8664245605469,194.5275421142578,173.33999633789062,125.53705596923828
2021-01-11,351.6294860839844,304.40325927734375,194.3590087890625,173.0,125.32975769042969
2021-01-12,351.7037353515625,303.91925048828125,197.84274291992188,174.1199951171875,125.23011016845703
2021-01-13,352.6509094238281,305.9717102050781,196.4286651611328,173.3699951171875,126.64049530029297
2021-01-14,351.4159240722656,304.33551025390625,200.3525390625,173.27999877929688,125.45411682128906
2021-01-15,348.8531494140625,301.9248046875,197.36509704589844,171.1300048828125,125.95195007324219
2021-01-19,351.5923156738281,306.3298034667969,199.89366149902344,172.5800018310547,126.35844421386719
2021-01-20,356.45794677734375,313.45526123046875,200.77395629882812,175.38999938964844,126.48287200927734
2021-01-21,356.7829284667969,315.962890625,199.0321044921875,175.27999877929688,125.59516143798828
2021-01-22,355.52008056640625,315.0528259277344,201.34518432617188,173.89999389648438,126.00170135498047
2021-01-25,356.922119140625,317.65716552734375,201.14859008789062,174.0500030517578,127.4867172241211
2021-01-26,356.3650817871094,318.1217956542969,199.75318908691406,173.6199951171875,127.24613189697266
2021-01-27,347.6553039550781,309.2535705566406,196.09152221679688,172.52000427246094,127.56971740722656
2021-01-28,350.6452941894531,311.08343505859375,195.4640350341797,172.67999267578125,126.86445617675781
2021-01-29,343.6254577636719,304.53875732421875,192.50474548339844,172.61000061035156,126.101318359375
2021-02-01,349.3453369140625,312.1484375,197.2340087890625,174.22999572753906,126.24746704101562
2021-02-02,354.28515625,317.2408447265625,200.04348754882812,172.11000061035156,125.43344116210938
2021-02-03,354.563720703125,315.9822692871094,200.64285278320312,171.85000610351562,124.32047271728516
2021-02-04,358.5935974121094,319.71923828125,204.7352752685547,168.14999389648438,123.98821258544922
2021-02-05,360.0049133300781,320.8035888671875,207.5728759765625,169.80999755859375,122.95005798339844
2021-02-08,362.6048889160156,322.952880859375,212.87342834472656,171.52000427246094,123.48990631103516
2021-02-09,362.3634948730469,322.8851013183594,213.87542724609375,172.0800018310547,123.58130645751953
2021-02-10,362.20550537109375,322.1493225097656,212.470703125,172.7100067138672,124.40354919433594
2021-02-11,362.79052734375,323.9210205078125,212.22720336914062,171.2100067138672,123.72254943847656
2021-02-12,364.5826110839844,325.73138427734375,212.82655334472656,170.69000244140625,122.1858901977539
2021-02-16,364.2668762207031,324.8504333496094,211.4874267578125,168.24000549316406,120.32540130615234
2021-02-17,364.3505859375,323.2917175292969,209.82980346679688,166.3300018310547,121.08955383300781
2021-02-18,362.7998046875,321.8782043457031,206.5802001953125,166.32000732421875,120.59956359863281
2021-02-19,362.1591796875,320.474365234375,210.88803100585938,167.00999450683594,118.9964828491211
2021-02-22,359.37353515625,312.1678466796875,209.52076721191406,169.50999450683594,118.09115600585938
2021-02-23,359.8099060058594,311.2383728027344,207.67587280273438,169.1199951171875,117.7506103515625
2021-02-24,363.7748107910156,313.80389404296875,212.5831298828125,169.0,116.97818756103516
2021-02-25,355.0093688964844,302.8638916015625,204.72592163085938,165.82000732421875,115.06787872314453
2021-02-26,353.18011474609375,304.132080078125,204.44497680664062,161.80999755859375,118.8719253540039
2021-03-01,361.7413635253906,313.2810974121094,211.71218872070312,161.52999877929688,117.30194091796875
2021-03-02,358.9185485839844,308.25634765625,207.63844299316406,162.41000366210938,117.31024932861328
2021-03-03,354.1643981933594,299.3108215332031,205.390869140625,160.6199951171875,116.03793334960938
2021-03-04,349.7817077636719,294.4120178222656,199.650146484375,159.0399932861328,115.28946685791016
2021-03-05,356.21649169921875,298.84613037109375,203.88311767578125,159.13999938964844,115.51403045654297
2021-03-08,354.4429626464844,290.3846130371094,204.84768676757812,157.49000549316406,114.6159439086914
2021-03-09,359.5035095214844,301.83770751953125,209.155517578125,160.83999633789062,116.20426940917969
2021-03-10,361.7413635253906,300.97601318359375,212.78909301757812,161.66000366210938,116.43707275390625
2021-03-11,365.4090270996094,307.907958984375,217.47154235839844,161.52000427246094,115.59722137451172
2021-03-12,365.9011535644531,305.41009521484375,218.75453186035156,161.49000549316406,113.14404296875
2021-03-15,368.0832214355469,308.67266845703125,219.53184509277344,162.1999969482422,113.80931091308594
2021-03-16,367.6189270019531,310.3669738769531,215.86080932617188,162.35000610351562,113.35192108154297
2021-03-17,368.8725891113281,311.64495849609375,217.55581665039062,163.50999450683594,112.50372314453125
2021-03-18,363.50555419921875,302.0990295410156,210.9348907470703,162.55999755859375,111.36446380615234
2021-03-19,362.83294677734375,303.1640319824219,212.5269012451172,163.24000549316406,112.05467224121094
2021-03-22,365.7301330566406,308.849365234375,210.92544555664062,163.0,113.31034088134766
2021-03-23,362.85162353515625,307.50189208984375,203.2743682861328,161.80999755859375,114.33319091796875
2021-03-24,361.007080078125,302.3158264160156,198.5731964111328,162.3699951171875,114.94857025146484
2021-03-25,363.03790283203125,301.7923583984375,203.28134155273438,161.77999877929688,114.04212951660156
2021-03-26,368.88824462890625,306.3193359375,206.98745727539062,162.24000549316406,113.64297485351562
2021-03-29,368.7018127441406,306.2320251464844,201.16090393066406,160.30999755859375,112.67837524414062
2021-03-30,367.7238464355469,304.6907653808594,204.54795837402344,157.57000732421875,113.26880645751953
2021-03-31,369.21429443359375,309.3534240722656,207.2970733642578,159.9600067138672,112.63676452636719
2021-04-01,373.2015075683594,314.6268005371094,209.92417907714844,161.97999572753906,114.5062255859375
2021-04-05,378.5579833984375,320.90826416015625,211.07823181152344,161.9199981689453,114.00663757324219
2021-04-06,378.33447265625,320.68536376953125,210.45896911621094,163.22000122070312,114.78101348876953
2021-04-07,378.77227783203125,321.4607238769531,207.06248474121094,162.75999450683594,113.98163604736328
2021-04-08,380.5703125,324.8147277832031,208.81700134277344,164.50999450683594,114.92256927490234
2021-04-09,383.3371276855469,326.7825012207031,208.8451385498047,163.27000427246094,114.5062255859375
2021-04-12,383.4769287109375,326.3561096191406,208.0289306640625,162.27999877929688,114.45629119873047
2021-04-13,384.6133728027344,330.1657409667969,207.48468017578125,163.42999267578125,115.31396484375
2021-04-14,383.2997741699219,326.2010192871094,209.5301055908203,162.72000122070312,114.94758605957031
2021-04-15,387.4173583984375,331.1448059082031,210.440185546875,165.35000610351562,116.87113952636719
2021-04-16,388.71234130859375,331.5325012207031,210.7779541015625,166.35000610351562,115.9635238647461
2021-04-19,386.8025817871094,328.4983215332031,208.0382537841797,165.88999938964844,115.63040924072266
2021-04-20,383.9705505371094,326.10400390625,203.7786407470703,166.47999572753906,116.16334533691406
2021-04-21,387.6037292480469,328.895751953125,208.76072692871094,168.1300048828125,116.39646911621094
2021-04-22,384.0637512207031,324.9311218261719,207.8975067138672,167.0399932861328,116.9044189453125
2021-04-23,388.22784423828125,329.02178955078125,211.81942749023438,166.39999389648438,116.62964630126953
2021-04-26,389.0382995605469,331.16412353515625,214.0243377685547,166.83999633789062,116.46312713623047
2021-04-27,388.9545593261719,329.72943115234375,214.3433380126953,166.4199981689453,115.44717407226562
2021-04-28,388.8427429199219,328.6146240234375,214.70921325683594,166.91000366210938,115.52214813232422
2021-04-29,391.3207702636719,329.7973327636719,213.91172790527344,166.22000122070312,115.18072509765625
2021-04-30,388.7496032714844,327.6356201171875,211.00314331054688,165.66000366210938,115.44717407226562
2021-05-03,389.5879821777344,325.8907775878906,212.0352020263672,167.80999755859375,115.51641845703125
2021-05-04,387.1845397949219,320.0260314941406,209.501953125,166.5800018310547,116.3002700805664
2021-05-05,387.3056945800781,318.9501647949219,208.6669158935547,167.27000427246094,116.49214935302734
2021-05-06,390.39849853515625,321.3541564941406,208.8451385498047,170.05999755859375,116.68389892578125
2021-05-07,393.2398376464844,323.9617614746094,211.47227478027344,171.58999633789062,116.10852813720703
2021-05-10,389.3457946777344,315.7802429199219,206.09609985351562,172.11000061035156,114.93270111083984
2021-05-11,385.8709716796875,315.3440856933594,205.43927001953125,172.13999938964844,114.28215026855469
2021-05-12,377.67315673828125,307.18212890625,198.7683563232422,170.42999267578125,113.08134460449219
2021-05-13,382.2099304199219,309.55706787109375,202.427490234375,171.1300048828125,113.25643157958984
2021-05-14,388.07891845703125,316.3909912109375,207.37213134765625,172.69000244140625,114.31553649902344
2021-05-17,387.0913391113281,314.4716491699219,207.6536102294922,174.6999969482422,114.07371520996094
2021-05-18,383.7562561035156,312.3487243652344,206.0773162841797,175.0399932861328,113.78182220458984
2021-05-19,382.75018310546875,312.7073669433594,204.49168395996094,175.16000366210938,113.50659942626953
2021-05-20,386.8677673339844,318.7563171386719,205.85215759277344,175.9600067138672,114.44056701660156
2021-05-21,386.5511169433594,316.9920959472656,206.38694763183594,176.0399932861328,114.80753326416016
2021-05-24,390.4916687011719,322.3234558105469,207.72862243652344,176.35000610351562,115.23283386230469
2021-05-25,389.6251525878906,322.7694396972656,205.72080993652344,177.9499969482422,116.3002700805664
2021-05-26,390.39849853515625,323.8939208984375,209.55824279785156,177.63999938964844,116.1001968383789
2021-05-27,390.60345458984375,322.68218994140625,211.7162322998047,177.7100067138672,115.6331558227539
2021-05-28,391.30218505859375,323.7000427246094,211.57546997070312,178.3800048828125,115.44964599609375
2021-06-01,390.9573974609375,322.6239318847656,213.9774169921875,177.89999389648438,115.42378997802734
2021-06-02,391.5722961425781,323.2541198730469,214.23072814941406,178.77000427246094,115.69103240966797
2021-06-03,390.11895751953125,319.890380859375,212.43865966796875,175.27000427246094,115.25677490234375
2021-06-04,393.6869812011719,325.3188781738281,213.35813903808594,177.16000366210938,116.83515930175781
2021-06-07,393.3050231933594,326.28814697265625,216.21983337402344,177.8699951171875,116.47610473632812
2021-06-08,393.3888854980469,326.443359375,218.5091552734375,177.32000732421875,117.29449462890625
2021-06-09,392.802001953125,326.5208435058594,217.05484008789062,176.97999572753906,118.3300552368164
2021-06-10,394.6278381347656,329.9233703613281,215.4451904296875,177.74000549316406,119.03999328613281
2021-06-11,395.2799987792969,330.7860107421875,217.7191619873047,175.74000549316406,118.84786224365234
2021-06-14,396.1650390625,333.95587158203125,217.0802459716797,174.7100067138672,117.93757629394531
2021-06-15,395.43829345703125,331.77484130859375,216.46006774902344,174.0500030517578,117.79563903808594
2021-06-16,393.2304992675781,330.5630798339844,215.99961853027344,171.11000061035156,117.69537353515625
2021-06-17,393.10003662109375,334.7604675292969,213.57530212402344,165.85000610351562,119.45751953125
2021-06-18,387.7969055175781,332.1334228515625,208.72665405273438,164.92999267578125,121.70397186279297
2021-06-21,393.3487243652344,334.1976318359375,213.1900634765625,166.9499969482422,119.6662826538086
2021-06-22,395.45166015625,337.31298828125,214.1579132080078,166.25,119.95860290527344
2021-06-23,394.9749450683594,337.4779052734375,214.86265563964844,166.13999938964844,119.64961242675781
2021-06-24,397.3115539550781,339.56451416015625,217.8977508544922,166.0399932861328,119.84170532226562
2021-06-25,398.72283935546875,339.1471252441406,218.2642059326172,166.58999633789062,118.59730529785156
2021-06-28,399.5266418457031,343.2718200683594,216.5352325439453,166.5800018310547,119.81658935546875
2021-06-29,399.74163818359375,344.5140380859375,215.50157165527344,164.8300018310547,120.01705169677734
2021-06-30,400.07806396484375,343.9704895019531,215.52980041503906,165.6300048828125,120.5515365600586
2021-07-01,402.2930603027344,344.1063537597656,217.4279022216797,166.1999969482422,120.5582275390625
2021-07-02,405.3680419921875,348.0562744140625,215.36065673828125,167.2899932861328,121.28575134277344
2021-07-06,404.629638671875,349.56048583984375,212.2316131591797,168.1199951171875,122.70734405517578
2021-07-07,406.05963134765625,350.2981262207031,210.25830078125,168.75999450683594,123.79438018798828
2021-07-08,402.7510986328125,348.18243408203125,208.3225860595703,168.64999389648438,124.27936553955078
2021-07-09,407.05035400390625,350.35638427734375,212.72021484375,169.2100067138672,122.53170776367188
2021-07-12,408.50830078125,351.72479248046875,212.89878845214844,169.0,122.372802734375
2021-07-13,407.1158142089844,351.72479248046875,208.8863983154297,169.22000122070312,121.4362564086914
2021-07-14,407.7233581542969,352.35552978515625,205.66336059570312,171.0399932861328,122.81599426269531
2021-07-15,406.3306884765625,349.8807678222656,204.4981689453125,171.07000732421875,124.1706771850586
2021-07-16,403.1435852050781,347.0469970703125,201.97987365722656,169.41000366210938,123.93658447265625
2021-07-19,397.1900329589844,344.2034606933594,198.9542236328125,169.61000061035156,126.65425872802734
2021-07-20,402.88189697265625,348.2018737792969,205.1277618408203,169.38999938964844,125.43339538574219
2021-07-21,406.1437683105469,350.89007568359375,208.660888671875,168.75999450683594,123.84459686279297
2021-07-22,406.9942626953125,353.2096252441406,205.34384155273438,169.08999633789062,125.01522827148438
2021-07-23,411.1814270019531,357.33416748046875,206.30238342285156,168.55999755859375,124.17900848388672
2021-07-26,412.1908874511719,357.6155700683594,206.90370178222656,168.16000366210938,123.81105041503906
2021-07-27,410.3122863769531,353.6754150390625,204.48878479003906,168.44000244140625,125.13225555419922
2021-07-28,410.1440124511719,355.0340881347656,207.49571228027344,169.2899932861328,125.14069366455078
2021-07-29,411.844970703125,355.6648864746094,209.09310913085938,171.1699981689453,124.4466552734375
2021-07-30,409.8449401855469,353.8113098144531,207.7118377685547,169.82000732421875,125.03199005126953
2021-08-02,408.985107421875,353.8403625488281,206.67820739746094,169.61000061035156,126.14718627929688
2021-08-03,412.3123474121094,355.9852294921875,207.53329467773438,169.49000549316406,126.21421813964844
2021-08-04,410.2841796875,356.4994812011719,204.94923400878906,169.52999877929688,126.47373962402344
2021-08-05,412.88250732421875,358.7607727050781,208.63265991210938,168.86000061035156,125.8290786743164
2021-08-06,413.5647277832031,357.1885986328125,209.91062927246094,164.63999938964844,123.72755432128906
2021-08-09,413.228271484375,357.8486022949219,208.75482177734375,161.72000122070312,123.28380584716797
2021-08-10,413.7423095703125,356.01434326171875,209.16830444335938,161.77000427246094,122.71451568603516
2021-08-11,414.7704162597656,355.4028015136719,210.1925506591797,164.0,122.63915252685547
2021-08-12,416.01348876953125,356.6839294433594,209.6945037841797,164.0399932861328,122.43826293945312
2021-08-13,416.7705383300781,357.93585205078125,207.78697204589844,166.38999938964844,124.37236022949219
2021-08-16,417.75189208984375,358.0911865234375,205.85130310058594,167.22000122070312,124.67362976074219
2021-08-17,415.0133972167969,354.93707275390625,203.3423614501953,166.97000122070312,124.62347412109375
2021-08-18,410.4711608886719,351.5208740234375,201.5664520263672,167.10000610351562,125.04203796386719
2021-08-19,411.1066589355469,353.21923828125,199.15151977539062,166.61000061035156,125.96302795410156
2021-08-20,414.3779296875,356.8780517578125,202.5155029296875,166.6999969482422,126.04669952392578
2021-08-23,418.0229797363281,362.2156982421875,206.36810302734375,168.72999572753906,125.96302795410156
2021-08-24,418.6865234375,363.32208251953125,208.39776611328125,168.64999389648438,124.98347473144531
2021-08-25,419.5650939941406,363.7393493652344,209.13072204589844,167.47999572753906,123.94525909423828
2021-08-26,417.08837890625,361.42962646484375,206.9130859375,167.6699981689453,124.28846740722656
2021-08-27,420.8174743652344,364.9429016113281,212.74839782714844,170.19000244140625,125.13416290283203
2021-08-30,422.6680908203125,369.0382080078125,211.87448120117188,169.35000610351562,125.46066284179688
2021-08-31,422.04180908203125,368.7374267578125,212.28794860839844,169.69000244140625,124.60670471191406
2021-09-01,422.26617431640625,369.348876953125,213.7162322998047,169.6999969482422,124.81539154052734
2021-09-02,423.5653076171875,369.17413330078125,215.200927734375,169.25,125.3603515625
2021-09-03,423.4624938964844,370.30963134765625,214.2048797607422,171.05999755859375,124.22021484375
2021-09-07,421.9484558105469,370.8336181640625,212.72959899902344,167.7100067138672,123.17234802246094
2021-09-08,421.4342956542969,369.5429382324219,210.40866088867188,167.2899932861328,124.01062774658203
2021-09-09,419.6305847167969,368.2715759277344,210.30531311035156,168.02999877929688,125.51122283935547
2021-09-10,416.3218688964844,365.4765625,208.24740600585938,167.17999267578125,124.4046401977539
2021-09-13,417.3873291015625,365.22418212890625,209.43141174316406,167.74000549316406,125.15917205810547
2021-09-14,415.1349792480469,364.1857604980469,206.7627716064453,168.82000732421875,126.67646789550781
2021-09-15,418.60235595703125,366.8935241699219,208.63265991210938,167.8300018310547,126.23213195800781
2021-09-16,417.93878173828125,367.14581298828125,208.78305053710938,164.02999877929688,125.65371704101562
2021-09-17,413.8677062988281,362.79803466796875,209.05552673339844,163.77000427246094,125.05020141601562
2021-09-20,406.9667663574219,355.3013916015625,204.08474731445312,164.94000244140625,126.60100555419922
2021-09-21,406.582275390625,355.7386474609375,204.3948211669922,166.0399932861328,126.49203491210938
2021-09-22,410.5484619140625,359.0613098144531,207.57086181640625,165.4199981689453,127.24649810791016
2021-09-23,415.53662109375,362.37445068359375,211.24493408203125,163.50999450683594,124.37113189697266
2021-09-24,416.2210693359375,362.71441650390625,210.22610473632812,163.3000030517578,123.15557098388672
2021-09-27,415.0303649902344,359.8192443847656,213.4211883544922,163.63999938964844,122.70288848876953
2021-09-28,406.6667175292969,349.6371765136719,208.5672607421875,162.0500030517578,120.79151916503906
2021-09-29,407.3511962890625,349.06396484375,208.1243438720703,161.32000732421875,121.00108337402344
2021-09-30,402.3724060058594,347.781494140625,206.17332458496094,164.22000122070312,120.98438262939453
2021-10-01,407.1542053222656,349.9383544921875,209.50039672851562,164.58999633789062,122.00251007080078
2021-10-04,401.90362548828125,342.5933532714844,207.59649658203125,165.36000061035156,121.6919174194336
2021-10-05,406.08538818359375,347.2179870605469,208.31285095214844,164.58999633789062,120.51683807373047
2021-10-06,407.7731018066406,349.44287109375,207.22889709472656,165.02999877929688,121.19673919677734
2021-10-07,411.298583984375,352.6490783691406,210.42401123046875,164.16000366210938,119.92929077148438
2021-10-08,410.5484619140625,350.8905029296875,208.84060668945312,164.22999572753906,119.08988189697266
2021-10-11,407.57623291015625,348.19927978515625,207.6436309814453,163.9199981689453,118.78775787353516
2021-10-12,406.572998046875,346.9848327636719,208.78407287597656,164.66000366210938,120.81893920898438
2021-10-13,408.0356750488281,349.7635498046875,209.77369689941406,167.58999633789062,121.9941177368164
2021-10-14,414.89910888671875,356.2049865722656,212.8839569091797,168.0,122.44744873046875
2021-10-15,418.0588684082031,358.4493103027344,212.21478271484375,165.3300018310547,121.73388671875
2021-10-18,419.2965393066406,362.0537414550781,212.09225463867188,164.9199981689453,122.3046875
2021-10-19,422.53131103515625,364.7935791015625,212.8839569091797,165.4499969482422,120.6175537109375
2021-10-20,424.19091796875,364.3175964355469,214.29769897460938,166.89999389648438,119.8033676147461
2021-10-21,425.2973937988281,366.54241943359375,214.84434509277344,166.75,119.66063690185547
2021-10-22,424.85662841796875,363.4625549316406,214.33541870117188,167.77000427246094,120.97846984863281
2021-10-25,427.1350402832031,367.1836853027344,216.3712921142578,168.92999267578125,120.79380798339844
2021-10-26,427.5194396972656,368.3398132324219,214.7406768798828,167.67999267578125,121.79267883300781
2021-10-27,425.62548828125,369.19476318359375,210.79156494140625,168.1199951171875,124.00862121582031
2021-10-28,429.7322998046875,373.29473876953125,214.9951934814453,168.0800018310547,123.5889663696289
2021-10-29,430.604248046875,375.1310729980469,214.93861389160156,166.64999389648438,123.96665954589844
2021-11-01,431.3450012207031,376.4136047363281,220.5088653564453,167.52000427246094,123.07415008544922
2021-11-02,433.0890197753906,377.9874267578125,220.97071838378906,167.16000366210938,123.62045288085938
2021-11-03,435.73309326171875,382.0,224.91976928710938,165.77000427246094,122.34292602539062
2021-11-04,437.78643798828125,386.896728515625,224.83499145507812,167.64999389648438,123.62883758544922
2021-11-05,439.3054504394531,387.2658996582031,227.9075164794922,169.83999633789062,125.47781372070312
2021-11-08,439.6805114746094,386.7413024902344,228.6144256591797,170.4499969482422,125.24246978759766
2021-11-09,438.2271423339844,384.0791320800781,227.28549194335938,171.2899932861328,126.87285614013672
2021-11-10,434.70159912109375,378.4343566894531,223.7039794921875,173.14999389648438,124.5533218383789
2021-11-11,434.8423156738281,379.4837646484375,225.50413513183594,174.1199951171875,124.36835479736328
2021-11-12,438.1240234375,383.47686767578125,225.73033142089844,174.4499969482422,123.82209014892578
2021-11-15,438.2740173339844,383.3893737792969,224.83499145507812,174.17999267578125,122.26728057861328
2021-11-16,440.0086669921875,386.1195068359375,225.24966430664062,172.9199981689453,121.95631408691406
2021-11-17,438.93975830078125,386.3235168457031,222.2996063232422,174.5,122.92279815673828
2021-11-18,440.4305419921875,390.3263244628906,221.35708618164062,173.94000244140625,123.38507080078125
2021-11-19,439.6429748535156,392.5026550292969,219.34011840820312,172.61000061035156,124.68777465820312
2021-11-22,438.4053039550781,387.9460144042969,218.40707397460938,168.74000549316406,123.22535705566406
2021-11-23,438.9866027832031,386.177734375,218.0300750732422,167.27999877929688,121.44363403320312
2021-11-24,440.1586608886719,387.4213562011719,218.26568603515625,167.1199951171875,123.39342498779297
2021-11-26,430.3417663574219,380.0762939453125,210.03758239746094,166.85000610351562,126.5114974975586
2021-11-29,435.6205139160156,388.32489013671875,209.9056396484375,166.6199951171875,125.49456024169922
2021-11-30,427.1444091796875,382.6219482421875,205.6266632080078,165.5,127.40237426757812
2021-12-01,422.4000549316406,376.1123352050781,200.9989471435547,166.16000366210938,128.1883087158203
2021-12-02,428.86968994140625,378.8230285644531,206.6068878173828,165.24000549316406,128.34815979003906
2021-12-03,425.1379699707031,372.2358703613281,202.36558532714844,166.6300048828125,129.87960815429688
2021-12-06,430.1729736328125,375.21856689453125,206.42779541015625,166.22000122070312,128.09571838378906
2021-12-07,439.071044921875,386.51776123046875,211.21571350097656,166.80999755859375,127.06072998046875
2021-12-08,440.23370361328125,388.2471618652344,212.6577606201172,166.89999389648438,124.86454010009766
2021-12-09,437.26141357421875,382.53436279296875,207.841552734375,165.8800048828125,125.56291961669922
2021-12-10,441.37750244140625,386.69268798828125,207.26663208007812,166.5800018310547,125.2599868774414
2021-12-13,437.46771240234375,381.1061706542969,204.23770141601562,167.0,127.11123657226562
2021-12-14,434.4578857421875,377.1616516113281,202.47927856445312,165.44000244140625,126.80824279785156
2021-12-15,441.2463073730469,385.75994873046875,205.69354248046875,166.14999389648438,125.58814239501953
2021-12-16,437.3551940917969,375.84033203125,201.53390502929688,168.16000366210938,125.63701629638672
2021-12-17,432.700439453125,373.9652099609375,203.3867950439453,167.8000030517578,127.06068420410156
2021-12-20,428.0993957519531,370.33758544921875,200.5318145751953,167.08999633789062,126.10875701904297
2021-12-21,435.7019348144531,378.62591552734375,206.26075744628906,167.02000427246094,125.62860870361328
2021-12-22,440.0584716796875,383.2370300292969,208.2460174560547,168.58999633789062,126.20992279052734
2021-12-23,442.7964782714844,386.1261901855469,209.90988159179688,168.97000122070312,125.11471557617188
2021-12-27,449.06298828125,392.5079040527344,211.87623596191406,169.3699951171875,125.41800689697266
2021-12-28,448.6961364746094,390.688720703125,210.58108520507812,168.63999938964844,124.92094421386719
2021-12-29,449.2701110839844,390.6303405761719,210.8079833984375,168.58999633789062,123.55622100830078
2021-12-30,448.028076171875,389.4630126953125,210.75123596191406,169.8000030517578,124.59239196777344
2021-12-31,446.89892578125,387.0309753417969,210.29750061035156,170.9600067138672,124.83671569824219
2022-01-03,449.4863586425781,390.7567138671875,213.01071166992188,168.3300018310547,121.55976867675781
2022-01-04,449.3359069824219,385.6885070800781,212.68923950195312,169.57000732421875,121.0543441772461
2022-01-05,440.7076721191406,373.8396911621094,205.4855499267578,169.05999755859375,120.39723205566406
2022-01-06,440.2937316894531,373.5769958496094,206.6577911376953,166.99000549316406,120.70891571044922
2022-01-07,438.55303955078125,369.5301818847656,204.26602172851562,167.75,119.84127807617188
2022-01-10,438.00732421875,369.7733154296875,203.55702209472656,168.25999450683594,120.13606262207031
2022-01-11,441.9967041015625,375.328125,205.7218780517578,170.2899932861328,120.93635559082031
2022-01-12,443.19171142578125,376.8164978027344,204.19039916992188,170.74000549316406,120.47305297851562
2022-01-13,437.0851135253906,367.3900146484375,202.3185577392578,170.16000366210938,121.54287719726562
2022-01-14,437.26397705078125,369.6759948730469,202.6021728515625,169.6699981689453,119.70646667480469
2022-01-18,429.5201721191406,360.4733581542969,196.47616577148438,169.38999938964844,118.02165985107422
2022-01-19,425.0601806640625,356.5140380859375,193.28085327148438,172.0800018310547,118.83873748779297
2022-01-20,420.3554992675781,351.8834533691406,189.782958984375,171.64999389648438,119.57170104980469
2022-01-21,412.103759765625,342.126220703125,186.22836303710938,171.08999633789062,120.9953384399414
2022-01-24,413.8538818359375,343.69244384765625,190.5203399658203,172.02999877929688,120.00126647949219
2022-01-25,408.80108642578125,335.72515869140625,187.977294921875,172.5800018310547,119.80753326416016
2022-01-26,407.7755126953125,335.1998291015625,185.26409912109375,169.7899932861328,118.35860443115234
2022-01-27,405.76190185546875,331.82421875,181.05718994140625,167.60000610351562,120.53206634521484
2022-01-28,415.8392639160156,342.2332458496094,184.58340454101562,167.10000610351562,120.57418060302734
2022-01-31,423.3288879394531,353.1773376464844,190.24620056152344,168.08999633789062,119.95076751708984
2022-02-01,426.1893310546875,355.5801696777344,192.25038146972656,168.22999572753906,119.55259704589844
2022-02-02,430.3293762207031,358.4693908691406,190.34068298339844,168.83999633789062,119.95752716064453
2022-02-03,420.21441650390625,343.9356689453125,186.73890686035156,168.60000610351562,119.02117156982422
2022-02-04,422.1904296875,348.2743835449219,187.5424346923828,168.86000061035156,117.26647186279297
2022-02-07,420.83544921875,345.47271728515625,188.46888732910156,170.11000061035156,117.34243774414062
2022-02-08,424.29815673828125,349.3541259765625,191.68312072753906,170.6300048828125,116.55789184570312
2022-02-09,430.5081787109375,356.7572326660156,195.32286071777344,171.2100067138672,116.77716827392578
2022-02-10,422.7737731933594,348.682861328125,192.32603454589844,170.55999755859375,114.92130279541016
2022-02-11,414.437255859375,337.6221618652344,190.3785400390625,173.80999755859375,116.6253662109375
2022-02-14,413.0823059082031,338.04046630859375,189.71678161621094,174.74000549316406,115.17439270019531
2022-02-15,419.74395751953125,346.44549560546875,194.80284118652344,173.0800018310547,113.86682891845703
2022-02-16,420.21441650390625,346.3578796386719,195.20936584472656,174.86000061035156,114.54175567626953
2022-02-17,411.23809814453125,336.05584716796875,190.20838928222656,177.25,115.39375305175781
2022-02-18,408.5752868652344,332.2230529785156,188.57289123535156,177.1199951171875,116.60846710205078
2022-02-22,404.1906433105469,328.88629150390625,185.91639709472656,177.49000549316406,116.9122085571289
2022-02-23,397.02081298828125,320.4618225097656,182.4374237060547,178.2899932861328,115.3009262084961
2022-02-24,402.99560546875,331.2307434082031,187.2210235595703,177.13999938964844,115.37688446044922
2022-02-25,411.88726806640625,336.3672180175781,191.43739318847656,176.5500030517578,115.46121215820312
2022-02-28,410.83343505859375,337.3691711425781,192.21255493164062,178.3800048828125,117.99198150634766
2022-03-01,404.576416015625,332.20361328125,188.59181213378906,181.6199951171875,119.35616302490234
2022-03-02,412.01910400390625,337.7777404785156,193.08230590820312,179.72999572753906,115.27631378173828
2022-03-03,409.9678955078125,332.95269775390625,190.79452514648438,180.8000030517578,116.45037078857422
2022-03-04,406.6370849609375,328.12750244140625,187.80712890625,183.67999267578125,118.46080017089844
2022-03-07,394.64959716796875,316.02581787109375,183.13702392578125,186.41000366210938,117.55696868896484
2022-03-08,391.65753173828125,314.556884765625,184.1485595703125,191.50999450683594,116.37435150146484
2022-03-09,402.158203125,325.8803405761719,189.3386688232422,185.82000732421875,115.23403930664062
2022-03-10,400.3422546386719,322.2615661621094,188.998291015625,186.39999389648438,113.57840728759766
2022-03-11,395.2518615722656,315.5782775878906,185.98257446289062,185.08999633789062,113.95851135253906
2022-03-14,392.3632507324219,309.5177917480469,182.1821746826172,182.3000030517578,111.29772186279297
2022-03-15,400.99151611328125,319.226318359375,185.08448791503906,178.88999938964844,111.10344696044922
2022-03-16,409.8831481933594,331.0654296875,190.907958984375,180.00999450683594,112.19309997558594
2022-03-17,415.0111999511719,335.07330322265625,193.90476989746094,180.88999938964844,111.35682678222656
2022-03-18,419.5566711425781,341.931640625,195.94679260253906,179.3000030517578,112.716796875
2022-03-21,419.4339904785156,340.9809875488281,194.2167510986328,180.6699981689453,110.1067123413086
2022-03-22,424.34197998046875,347.6822509765625,196.16421508789062,179.36000061035156,108.69602966308594
2022-03-23,418.8771057128906,342.6855163574219,192.76087951660156,181.80999755859375,111.07808685302734
2022-03-24,425.19146728515625,350.3023376464844,194.97740173339844,183.1300048828125,110.20806884765625
2022-03-25,427.26788330078125,350.0101623535156,195.2426300048828,182.3800048828125,108.67913818359375
2022-03-28,430.3070373535156,355.4255676269531,195.3089141845703,179.05999755859375,109.60830688476562
2022-03-29,435.63031005859375,361.54241943359375,200.53761291503906,179.13999938964844,110.4361572265625
2022-03-30,432.9404296875,357.5489501953125,196.51193237304688,180.5800018310547,111.29772186279297
2022-03-31,426.27685546875,353.1171569824219,194.4374542236328,180.64999389648438,111.5679931640625
2022-04-01,427.4850158691406,352.44512939453125,196.61605834960938,179.5,111.9926986694336
2022-04-04,431.1470642089844,359.701416015625,196.93817138671875,180.3699951171875,111.21440887451172
2022-04-05,425.7010803222656,351.714599609375,192.2777862548828,179.24000549316406,108.7018051147461
2022-04-06,421.4443664550781,344.07843017578125,189.54977416992188,179.66000366210938,107.82195281982422
2022-04-07,423.56805419921875,344.89654541015625,188.93409729003906,180.33999633789062,107.00978088378906
2022-04-08,422.4354553222656,340.0751953125,187.42799377441406,181.47000122070312,105.85081481933594
2022-04-11,415.215087890625,332.0299072265625,186.16819763183594,182.3699951171875,104.17572784423828
2022-04-12,413.6766357421875,330.6273193359375,186.75546264648438,183.77000427246094,104.03189849853516
2022-04-13,418.41473388671875,337.3479919433594,190.30755615234375,184.64999389648438,104.243408203125
2022-04-14,413.2046203613281,329.6338195800781,188.46043395996094,184.0399932861328,102.1537857055664
2022-04-18,413.3746032714844,329.8870544433594,187.19117736816406,184.61000061035156,101.64617919921875
2022-04-19,420.0475158691406,337.2602233886719,190.9232940673828,181.82000732421875,100.88481903076172
2022-04-20,419.73602294921875,332.3415832519531,191.65264892578125,182.7100067138672,102.91517639160156
2022-04-21,413.45953369140625,325.4651184082031,187.36166381835938,182.05999755859375,102.1537857055664
2022-04-22,402.1145324707031,316.9425048828125,182.5118408203125,180.2899932861328,101.5108413696289
2022-04-25,404.4457702636719,321.0138244628906,183.62014770507812,177.0500030517578,102.52603912353516
2022-04-26,392.73272705078125,308.8971862792969,177.83258056640625,177.32000732421875,103.55811309814453
2022-04-27,393.8370361328125,308.5270690917969,177.09375,175.97999572753906,102.22994995117188
2022-04-28,403.78509521484375,319.48468017578125,180.3995361328125,176.92999267578125,102.3822250366211
2022-04-29,388.86297607421875,305.10833740234375,175.1898193359375,176.91000366210938,101.05398559570312
2022-05-02,391.2037353515625,310.20233154296875,177.0274200439453,173.6300048828125,99.30236053466797
2022-05-03,392.9970397949219,310.5335693359375,178.54299926757812,174.08999633789062,99.97183990478516
2022-05-04,404.9649353027344,321.0332946777344,183.30758666992188,175.8000030517578,100.52265930175781
2022-05-05,390.57122802734375,304.86480712890625,175.8717803955078,175.1300048828125,97.76850128173828
2022-05-06,388.2400207519531,301.21221923828125,172.94488525390625,175.4199981689453,96.3278579711914
2022-05-09,375.8096618652344,289.42669677734375,165.67018127441406,172.8800048828125,97.1753158569336
2022-05-10,376.6779479980469,292.9429016113281,165.717529296875,171.4199981689453,98.05662536621094
2022-05-11,370.6940002441406,284.2547302246094,161.59707641601562,172.82000732421875,99.9464340209961
2022-05-12,370.30706787109375,283.5826416015625,163.49156188964844,170.1699981689453,99.75997924804688
2022-05-13,379.1602783203125,294.0922546386719,168.67288208007812,168.7899932861328,98.28543853759766
2022-05-16,377.62188720703125,290.6831970214844,167.86773681640625,170.39999389648438,98.1837387084961
2022-05-17,385.3896484375,298.2122802734375,173.00173950195312,169.3300018310547,96.99732208251953
2022-05-18,369.85394287109375,283.57293701171875,166.939453125,169.4199981689453,99.06507110595703
2022-05-19,367.5887145996094,282.0535583496094,167.21414184570312,171.91000366210938,99.30236053466797
2022-05-20,367.7492370605469,281.1768798828125,166.78790283203125,172.02999877929688,100.42948150634766
2022-05-23,374.6297912597656,285.8521728515625,168.80551147460938,172.8300018310547,98.77694702148438
2022-05-24,371.77001953125,279.77435302734375,166.3048095703125,174.1300048828125,100.7260513305664
2022-05-25,375.0545349121094,283.6898193359375,169.29806518554688,173.0800018310547,101.12432861328125
2022-05-26,382.54864501953125,291.5500183105469,173.0774688720703,172.75999450683594,100.66670227050781
2022-05-27,391.93988037109375,301.066162109375,177.73785400390625,172.85000610351562,100.9124984741211
2022-05-31,389.74072265625,300.2673645019531,175.53079223632812,171.13999938964844,98.77694702148438
2022-06-01,386.58831787109375,298.04669189453125,174.5361785888672,172.22999572753906,98.6640396118164
2022-06-02,393.9503173828125,306.2088623046875,178.79872131347656,174.35000610351562,98.71498107910156
2022-06-03,387.48492431640625,298.2415771484375,177.18846130371094,172.5800018310547,98.50274658203125
2022-06-06,388.664794921875,299.2349853515625,177.95570373535156,171.82000732421875,96.68598175048828
2022-06-07,392.3929443359375,301.8161315917969,180.8258056640625,172.94000244140625,97.73018646240234
2022-06-08,388.1268005371094,299.64410400390625,178.03147888183594,172.77999877929688,96.8642807006836
2022-06-09,378.89599609375,291.61822509765625,174.3408660888672,172.22999572753906,97.18688201904297
2022-06-10,367.90966796875,281.3327331542969,169.6112518310547,174.5399932861328,96.58412170410156
2022-06-13,353.9407958984375,268.2518005371094,161.64309692382812,169.92999267578125,93.55342864990234
2022-06-14,352.874267578125,268.73883056640625,160.8643035888672,168.57000732421875,92.37335968017578
2022-06-15,357.9049987792969,275.4496765136719,163.21961975097656,170.77000427246094,94.09673309326172
2022-06-16,346.0597229003906,264.33624267578125,155.65975952148438,172.69000244140625,94.84379577636719
2022-06-17,346.8056945800781,267.5504455566406,156.8754119873047,171.27000427246094,95.14942169189453
2022-06-21,355.5361022949219,274.3006896972656,159.6866455078125,170.6300048828125,93.53644561767578
2022-06-22,354.8915100097656,273.9006042480469,159.3826904296875,171.30999755859375,96.10873413085938
2022-06-23,358.370361328125,277.9798278808594,161.2916717529297,170.25999450683594,96.89823913574219
2022-06-24,369.76434326171875,287.50433349609375,166.28720092773438,170.08999633789062,95.556884765625
2022-06-27,368.35198974609375,285.396484375,166.90452575683594,169.89999389648438,94.741943359375
2022-06-28,360.8254699707031,276.70135498046875,163.77044677734375,169.6199951171875,95.18340301513672
2022-06-29,360.53155517578125,276.95501708984375,162.10842895507812,169.49000549316406,96.66903686523438
2022-06-30,357.6025085449219,273.51995849609375,160.8452911376953,168.4600067138672,97.5179672241211
2022-07-01,361.384765625,275.3253479003906,162.79222106933594,168.32000732421875,98.51911926269531
2022-07-05,362.0672607421875,280.0388488769531,164.14083862304688,164.75,99.2932357788086
2022-07-06,363.2900695800781,281.8344421386719,162.92518615722656,162.13999938964844,97.62602233886719
2022-07-07,368.7310791015625,287.8653869628906,166.7810516357422,162.22999572753906,96.76685333251953
2022-07-08,368.4278564453125,288.2265625,166.7620849609375,162.3000030517578,95.69508361816406
2022-07-11,364.2189636230469,282.0686950683594,163.4095458984375,161.42999267578125,97.34524536132812
2022-07-12,360.99609375,279.336181640625,162.84918212890625,160.8300018310547,97.9237289428711
2022-07-13,359.1002197265625,278.7604064941406,162.70675659179688,161.60000610351562,99.0465316772461
2022-07-14,358.2281494140625,279.7558898925781,161.03521728515625,159.3300018310547,98.23844146728516
2022-07-15,365.07220458984375,284.8304443359375,164.3877410888672,159.00999450683594,98.79135131835938
2022-07-18,362.05780029296875,282.41998291015625,163.92242431640625,159.16000366210938,97.7620620727539
2022-07-19,371.8403015136719,291.1053771972656,169.70620727539062,159.5399932861328,97.23472595214844
2022-07-20,374.2101135253906,295.7212829589844,172.36544799804688,158.0399932861328,97.48989868164062
2022-07-21,378.0207214355469,299.9663391113281,173.24867248535156,160.27000427246094,99.17411804199219
2022-07-22,374.5133361816406,294.7063903808594,170.48500061035156,160.6699981689453,100.84133911132812
2022-07-25,374.9684143066406,293.02777099609375,171.3682098388672,160.22999572753906,99.85466766357422
2022-07-26,370.5321960449219,287.2701721191406,170.3140411376953,160.0399932861328,99.93116760253906
2022-07-27,380.153564453125,299.4100036621094,174.1888885498047,161.6699981689453,99.3697509765625
2022-07-28,384.9216003417969,302.33770751953125,176.5821990966797,163.63999938964844,100.16085052490234
2022-07-29,390.5332336425781,307.8514099121094,177.83584594726562,164.10000610351562,99.8886489868164
2022-08-01,389.3768310546875,307.6660461425781,177.76937866210938,165.02999877929688,102.29430389404297
2022-08-02,386.8079833984375,306.7486877441406,177.59840393066406,164.0500030517578,100.12980651855469
2022-08-03,392.86517333984375,315.1023254394531,180.21014404296875,164.4499969482422,101.70634460449219
2022-08-04,392.5997619628906,316.5758361816406,179.8302459716797,167.1699981689453,101.67225646972656
2022-08-05,391.9361572265625,313.98974609375,181.20736694335938,165.2899932861328,99.25208282470703
2022-08-08,391.4812316894531,312.974853515625,183.12582397460938,166.69000244140625,100.85414123535156
2022-08-09,389.9266357421875,309.4323425292969,180.6280517578125,167.1999969482422,100.46217346191406
2022-08-10,398.1166687011719,318.0689697265625,185.7850341796875,166.77999877929688,99.80599975585938
2022-08-11,398.1166687011719,316.2635498046875,186.47833251953125,166.33999633789062,97.47956848144531
2022-08-12,404.8563537597656,322.4213562011719,190.28672790527344,167.8699951171875,98.46810913085938
2022-08-15,406.5246887207031,325.02691650390625,190.96104431152344,165.7100067138672,98.38285064697266
2022-08-16,407.3208923339844,324.2657470703125,190.88507080078125,165.4199981689453,98.79190826416016
2022-08-17,404.42974853515625,320.56719970703125,187.67498779296875,164.35000610351562,97.7607650756836
2022-08-18,405.6052551269531,321.338134765625,188.9191131591797,163.9199981689453,97.9056625366211
2022-08-19,400.1546325683594,315.0729675292969,184.8638153076172,162.72000122070312,96.32913208007812
2022-08-22,391.8223876953125,306.7779541015625,181.05540466308594,161.63999938964844,96.00531005859375
2022-08-23,390.87451171875,306.5243225097656,181.3498077392578,162.77000427246094,95.47698211669922
2022-08-24,392.1257629394531,307.4123840332031,182.73638916015625,163.25,94.77818298339844
2022-08-25,397.6615905761719,312.84796142578125,185.57606506347656,163.75,96.09906005859375
2022-08-26,384.201171875,300.02490234375,179.47886657714844,161.75999450683594,96.82342529296875
2022-08-29,381.6607666015625,297.0679626464844,177.82635498046875,161.86000061035156,96.0223617553711
2022-08-30,377.470947265625,293.75970458984375,175.3380889892578,160.50999450683594,96.26097869873047
2022-08-31,374.5987243652344,292.05194091796875,174.2743682861328,159.27000427246094,95.34061431884766
2022-09-01,375.7742004394531,292.1788024902344,172.3749542236328,157.8699951171875,93.59510040283203
2022-09-02,371.8118591308594,288.05084228515625,171.03579711914062,159.25999450683594,94.12457275390625
2022-09-06,370.40887451171875,285.98199462890625,169.34530639648438,158.3300018310547,91.79324340820312
2022-09-07,377.0633544921875,291.7591857910156,173.03024291992188,159.94000244140625,93.24498748779297
2022-09-08,379.5279235839844,293.27178955078125,174.47384643554688,158.97999572753906,92.28852081298828
2022-09-09,385.4239807128906,299.6833801269531,177.978271484375,159.82000732421875,92.49349212646484
2022-09-12,389.5663757324219,303.24530029296875,180.1342010498047,160.6300048828125,91.73342895507812
2022-09-13,372.6270751953125,286.61627197265625,173.08724975585938,158.5399932861328,91.94695281982422
2022-09-14,374.0489807128906,288.89013671875,173.76153564453125,157.92999267578125,92.2629165649414
2022-09-15,369.8022766113281,284.0789794921875,172.49839782714844,154.97999572753906,92.20314025878906
2022-09-16,366.98114013671875,282.3419494628906,169.9911346435547,155.83999633789062,91.4345703125
2022-09-19,369.8270568847656,284.5406494140625,171.44424438476562,155.9600067138672,91.64807891845703
2022-09-20,365.5819396972656,282.27252197265625,169.10789489746094,155.07000732421875,90.73430633544922
2022-09-21,359.204833984375,277.2181396484375,166.524658203125,155.7899932861328,92.25437927246094
2022-09-22,356.1875305175781,273.8062438964844,162.7732391357422,155.6999969482422,89.89744567871094
2022-09-23,350.2196350097656,269.34820556640625,158.8983612060547,153.00999450683594,90.26461029052734
2022-09-26,346.7550354003906,268.23370361328125,156.72274780273438,151.22999572753906,88.53961181640625
2022-09-27,345.869873046875,268.34124755859375,157.25733947753906,151.5399932861328,86.208251953125
2022-09-28,352.6753234863281,273.6791076660156,162.23098754882812,154.69000244140625,89.09469604492188
2022-09-29,345.308349609375,265.7895812988281,158.59381103515625,154.66000366210938,88.633544921875
2022-09-30,339.9686279296875,261.2827453613281,157.43870544433594,154.6699981689453,87.48922729492188
2022-10-03,348.9442443847656,267.4124450683594,161.61045837402344,158.42999267578125,88.87939453125
2022-10-04,359.75689697265625,275.8201599121094,168.01605224609375,160.6999969482422,88.631103515625
2022-10-05,358.91925048828125,275.6734924316406,166.77505493164062,159.80999755859375,87.78367614746094
2022-10-06,355.2167053222656,273.503173828125,165.83950805664062,159.6300048828125,87.29576110839844
2022-10-07,345.308349609375,263.08154296875,160.9613494873047,157.8800048828125,86.44833374023438
2022-10-10,342.6717834472656,260.4516906738281,160.06398010253906,155.47999572753906,85.1043701171875
2022-10-11,340.5016174316406,256.87353515625,160.1116943359375,155.16000366210938,85.48100280761719
2022-10-12,339.37847900390625,256.78558349609375,159.6725616455078,155.99000549316406,85.90044403076172
2022-10-13,348.3350830078125,262.8078308105469,163.62474060058594,154.91000366210938,85.07870483398438
2022-10-14,340.39697265625,254.90850830078125,159.2429962158203,152.97999572753906,84.37677764892578
2022-10-17,349.1441955566406,263.3259582519531,164.32164001464844,153.4199981689453,83.96587371826172
2022-10-18,353.24639892578125,265.40838623046875,166.26910400390625,153.75,84.16278076171875
2022-10-19,350.7431640625,264.4405212402344,163.44338989257812,151.69000244140625,82.63050842285156
2022-10-20,347.80206298828125,263.09130859375,161.36224365234375,151.4499969482422,81.21810150146484
2022-10-21,356.2541198730469,269.26019287109375,164.8657989501953,154.14999389648438,79.75432586669922
2022-10-24,360.613525390625,272.22247314453125,165.5722198486328,153.64999389648438,79.09520721435547
2022-10-25,366.3719787597656,277.8536376953125,170.08766174316406,154.0,81.39785766601562
2022-10-26,363.61163330078125,271.714111328125,170.92771911621094,154.97999572753906,82.57061004638672
2022-10-27,361.66998291015625,266.7672424316406,170.96592712402344,154.74000549316406,83.43517303466797
2022-10-28,370.2744140625,274.93048095703125,174.85130310058594,153.16000366210938,82.86164093017578
2022-10-31,367.5997619628906,271.733642578125,175.01358032226562,151.91000366210938,82.27100372314453
2022-11-01,365.9911804199219,268.9571533203125,175.2522430419922,153.4600067138672,83.03990173339844
2022-11-02,356.80621337890625,259.7380065917969,169.43849182128906,152.38999938964844,82.67947387695312
2022-11-03,353.1322326660156,254.6641387939453,168.302490234375,151.80999755859375,82.23323822021484
2022-11-04,358.2149353027344,258.7604064941406,170.57452392578125,156.47000122070312,80.85165405273438
2022-11-07,361.64141845703125,261.6053161621094,171.34774780273438,155.85000610351562,80.04502868652344
2022-11-08,363.59259033203125,263.51171875,171.41458129882812,159.4499969482422,80.92032623291016
2022-11-09,356.1019287109375,257.4308166503906,166.708251953125,158.64999389648438,81.18632507324219
2022-11-10,375.671142578125,276.42626953125,176.97056579589844,163.47999572753906,84.30987548828125
2022-11-11,379.30712890625,281.5198059082031,178.42160034179688,164.55999755859375,84.00096130371094
2022-11-14,376.0804138183594,279.05615234375,176.42645263671875,164.9199981689453,83.79501342773438
2022-11-15,379.28802490234375,282.91778564453125,179.04214477539062,165.5,85.15081024169922
2022-11-16,376.39453125,279.05615234375,175.89181518554688,165.1199951171875,87.0129623413086
2022-11-17,375.2428283691406,278.4402160644531,174.2594451904297,163.9199981689453,86.09475708007812
2022-11-18,376.94659423828125,278.4499816894531,175.3858642578125,162.7899932861328,85.50264739990234
2022-11-21,375.5759582519531,275.5855407714844,174.46942138671875,161.8800048828125,85.86309051513672
2022-11-22,380.6300964355469,279.5546875,176.3310089111328,162.07000732421875,87.08157348632812
2022-11-23,383.0286865234375,282.3605041503906,176.78919982910156,163.0800018310547,88.60045623779297
2022-11-25,382.9429931640625,280.5030517578125,177.16148376464844,163.22000122070312,88.30011749267578
2022-11-28,376.8323669433594,276.3871154785156,173.59115600585938,161.92999267578125,88.5489501953125
2022-11-29,376.18511962890625,274.2950134277344,174.0971221923828,162.72999572753906,87.51063537597656
2022-11-30,388.0351867675781,286.7989196777344,178.8703155517578,164.80999755859375,88.15425109863281
2022-12-01,387.7496337890625,287.15087890625,178.4789276123047,167.83999633789062,90.97038269042969
2022-12-02,387.3022766113281,286.0070495605469,179.5194854736328,167.25999450683594,92.1144027709961
2022-12-05,380.3350524902344,281.2069091796875,174.57444763183594,164.38999938964844,90.82417297363281
2022-12-06,374.85260009765625,275.3802490234375,171.90145874023438,164.83999633789062,91.99398040771484
2022-12-07,374.2148742675781,274.25592041015625,171.39549255371094,166.3300018310547,94.16157531738281
2022-12-08,377.1463928222656,277.50164794921875,172.63653564453125,166.47000122070312,93.9035415649414
2022-12-09,374.32916259765625,275.7322082519531,170.51722717285156,167.05999755859375,91.46068572998047
2022-12-12,379.7259216308594,279.1929931640625,172.52197265625,165.67999267578125,91.75312805175781
2022-12-13,382.60040283203125,282.1943054199219,173.95094299316406,168.50999450683594,92.63909912109375
2022-12-14,380.1541442871094,280.1021423339844,172.80966186523438,168.10000610351562,93.0347900390625
2022-12-15,370.85491943359375,270.69732666015625,168.48440551757812,165.35000610351562,93.39778900146484
2022-12-16,366.47662353515625,268.1163330078125,167.22802734375,166.7899932861328,92.3544692993164
2022-12-19,363.3690185546875,264.348388671875,164.96473693847656,166.32000732421875,90.80243682861328
2022-12-20,363.8662109375,264.142578125,165.83746337890625,169.0800018310547,89.19007110595703
2022-12-21,369.306884765625,267.9743347167969,168.69537353515625,168.8000030517578,89.41423034667969
2022-12-22,364.038330078125,261.41827392578125,166.48959350585938,166.75999450683594,89.3969955444336
2022-12-23,366.13238525390625,262.0062255859375,167.2472381591797,167.25999450683594,88.0864028930664
2022-12-27,364.6885070800781,258.30194091796875,166.1251678466797,168.6699981689453,86.34467315673828
2022-12-28,360.15618896484375,254.89158630371094,163.5453338623047,167.91000366210938,85.83595275878906
2022-12-29,366.6391296386719,261.10467529296875,167.6884002685547,168.85000610351562,86.81027221679688
2022-12-30,365.67340087890625,260.9479064941406,167.2184600830078,169.63999938964844,85.84457397460938
2023-01-03,364.13397216796875,259.18389892578125,166.2977752685547,171.05999755859375,87.4828109741211
2023-01-04,366.94512939453125,260.418701171875,168.36929321289062,172.6699981689453,88.68134307861328
2023-01-05,362.757080078125,256.34197998046875,166.56634521484375,170.52000427246094,89.05209350585938
2023-01-06,371.07586669921875,263.4173278808594,170.30657958984375,173.7100067138672,90.69036865234375
2023-01-09,370.8654479980469,265.12255859375,170.59429931640625,174.10000610351562,91.17320251464844
2023-01-10,373.46630859375,267.36669921875,173.11656188964844,174.74000549316406,89.66427612304688
2023-01-11,378.18988037109375,271.9921569824219,175.27439880371094,174.6199951171875,91.12149047851562
2023-01-12,379.5667724609375,273.46209716796875,178.21868896484375,176.63999938964844,92.91496276855469
2023-01-13,381.0392761230469,275.3437194824219,179.388671875,178.75999450683594,92.0440673828125
2023-01-17,380.34124755859375,275.9023132324219,179.16812133789062,177.58999633789062,91.44913482666016
2023-01-18,374.3363952636719,272.3155517578125,176.27183532714844,177.0800018310547,93.66506958007812
2023-01-19,371.6112976074219,269.6402282714844,174.5839080810547,179.88999938964844,93.07876586914062
2023-01-20,378.5340881347656,277.01947021484375,177.46104431152344,179.2899932861328,91.56983184814453
2023-01-23,383.075927734375,283.1737365722656,179.65724182128906,179.6300048828125,91.13868713378906
2023-01-24,382.664794921875,282.59552001953125,179.2736358642578,180.27999877929688,92.44933319091797
2023-01-25,382.8081970214844,281.9682922363281,179.77232360839844,181.11000061035156,92.67349243164062
2023-01-26,387.0154113769531,287.4659729003906,180.83685302734375,179.47000122070312,92.24236297607422
2023-01-27,387.9046936035156,290.32745361328125,181.81507873535156,179.22000122070312,92.00956726074219
2023-01-30,383.0377197265625,284.4574279785156,179.283203125,178.75999450683594,91.67333221435547
2023-01-31,388.6696472167969,288.7203369140625,183.6372528076172,179.41000366210938,92.4062271118164
2023-02-01,392.8003845214844,294.89422607421875,186.52398681640625,181.6699981689453,93.51702117919922
2023-02-02,398.518310546875,305.47796630859375,190.19711303710938,177.89999389648438,93.6380615234375
2023-02-03,394.282470703125,300.0488586425781,188.92161560058594,173.4600067138672,92.23763275146484
2023-02-06,391.87286376953125,297.51080322265625,186.18832397460938,173.82000732421875,91.55471801757812
2023-02-07,396.9980163574219,303.6748046875,187.56935119628906,173.97999572753906,90.81993865966797
2023-02-08,392.6568908691406,298.27508544921875,184.82647705078125,174.41000366210938,91.2521743774414
2023-02-09,389.2528381347656,295.6388854980469,182.1507568359375,173.02999877929688,90.38768768310547
2023-02-10,390.1612854003906,293.69873046875,182.51516723632812,173.36000061035156,89.37628173828125
2023-02-13,394.74139404296875,298.40252685546875,184.71139526367188,172.47999572753906,90.12835693359375
2023-02-14,394.5597229003906,300.60748291015625,184.6250457763672,172.61000061035156,89.9208984375
2023-02-15,395.8410949707031,302.910400390625,186.49522399902344,170.88999938964844,89.08235931396484
2023-02-16,390.3907470703125,297.2265319824219,184.71139526367188,170.75,87.82025909423828
2023-02-17,389.41546630859375,295.1293029785156,185.21966552734375,171.25999450683594,88.50318145751953
2023-02-21,381.60345458984375,288.14215087890625,179.753173828125,170.6199951171875,86.78292083740234
2023-02-22,381.07757568359375,288.3577880859375,180.2422637939453,169.66000366210938,87.57820892333984
2023-02-23,383.10467529296875,290.87628173828125,181.52737426757812,169.57000732421875,88.43405151367188
2023-02-24,379.01226806640625,286.00579833984375,179.829833984375,168.35000610351562,87.28428649902344
2023-02-27,380.30303955078125,288.053955078125,180.46282958984375,169.00999450683594,87.52635955810547
2023-02-28,378.8974609375,287.6816101074219,180.47244262695312,169.77999877929688,87.92399597167969
2023-03-01,377.444091796875,285.36883544921875,180.70257568359375,170.75999450683594,86.97943878173828
2023-03-02,380.37945556640625,287.7305603027344,181.13417053222656,170.66000366210938,86.20817565917969
2023-03-03,386.4799499511719,293.6790466308594,183.6564178466797,172.49000549316406,88.29661560058594
2023-03-06,386.74774169921875,294.0122375488281,180.97113037109375,171.6199951171875,87.61202239990234
2023-03-07,380.8193054199219,290.4059143066406,178.87083435058594,168.6199951171875,88.14930725097656
2023-03-08,381.4408874511719,291.85626220703125,178.9571533203125,168.5399932861328,88.2359619140625
2023-03-09,374.4033203125,286.79962158203125,173.97972106933594,170.1999969482422,88.45262908935547
2023-03-10,369.0009765625,282.7718505859375,168.96389770507812,173.8699951171875,91.50299072265625
2023-03-13,368.4750671386719,284.86907958984375,166.2114715576172,177.86000061035156,91.71097564697266
2023-03-14,374.56591796875,291.41534423828125,169.28997802734375,176.8300018310547,90.20311737060547
2023-03-15,372.2232971191406,292.9441223144531,166.49916076660156,178.2100067138672,91.94495391845703
2023-03-16,378.7539978027344,300.6662292480469,168.77212524414062,178.57000732421875,91.22571563720703
2023-03-17,374.3252868652344,299.2452392578125,164.21665954589844,183.77000427246094,92.59490966796875
2023-03-20,377.9247131347656,300.3072814941406,166.3457489013672,183.83999633789062,91.7802963256836
2023-03-21,382.8870849609375,304.59637451171875,169.41464233398438,180.3699951171875,90.99169921875
2023-03-22,376.3601989746094,300.4544677734375,164.60986328125,183.44000244140625,92.20494079589844
2023-03-23,377.3776550292969,304.017333984375,163.87928771972656,185.74000549316406,92.20494079589844
2023-03-24,379.85400390625,305.13629150390625,165.3616485595703,183.64999389648438,92.59490966796875
2023-03-27,380.5642395019531,303.045654296875,167.2001953125,181.9499969482422,90.41976928710938
2023-03-28,379.71002197265625,301.4360046386719,166.95953369140625,183.44000244140625,90.58444213867188
2023-03-29,385.2290344238281,306.93231201171875,168.85581970214844,182.52999877929688,90.4024429321289
2023-03-30,387.4847106933594,309.83758544921875,168.62478637695312,184.17999267578125,90.81840515136719
2023-03-31,392.9461364746094,314.99041748046875,171.7243194580078,183.22000122070312,92.17893981933594
2023-04-03,394.4434814453125,314.2248229980469,171.80133056640625,184.5399932861328,92.61246490478516
2023-04-04,392.2550354003906,313.1648864746094,168.78843688964844,187.97999572753906,93.07293701171875
2023-04-05,391.2280578613281,310.0730895996094,167.13279724121094,187.8300018310547,94.04596710205078
2023-04-06,392.7541198730469,312.1636657714844,167.383056640625,186.49000549316406,94.28923034667969
2023-04-10,393.1572265625,311.98699951171875,169.1734619140625,185.11000061035156,92.76884460449219
2023-04-11,393.26287841796875,309.9847717285156,170.511474609375,186.27999877929688,92.95999145507812
2023-04-12,391.6600036621094,307.24639892578125,169.2600860595703,187.19000244140625,92.86441802978516
2023-04-13,396.8621826171875,313.2629089355469,171.50289916992188,189.72000122070312,92.13465881347656
2023-04-14,395.892822265625,312.674072265625,169.905029296875,186.36000061035156,91.29190826416016
2023-04-17,397.3133239746094,312.9390563964844,172.09007263183594,185.52999877929688,90.20594787597656
2023-04-18,397.57244873046875,312.9586486816406,171.35855102539062,186.25,90.52739715576172
2023-04-19,397.5053405761719,312.81146240234375,171.57994079589844,185.36000061035156,90.44050598144531
2023-04-20,395.3361511230469,310.42645263671875,170.6943359375,186.08999633789062,91.2137222290039
2023-04-21,395.6432800292969,310.7503356933594,170.915771484375,184.25,90.70112609863281
2023-04-24,396.0559387207031,310.1025390625,170.80020141601562,184.80999755859375,91.5786361694336
2023-04-25,389.7690734863281,304.25286865234375,166.58412170410156,185.75,92.92523193359375
2023-04-26,388.1181945800781,306.0981140136719,164.97662353515625,184.74000549316406,91.934814453125
2023-04-27,395.8447570800781,314.4211730957031,167.180908203125,184.75,91.02259826660156
2023-04-28,399.22344970703125,316.5902404785156,168.64402770996094,184.8000030517578,92.4908447265625
2023-05-01,398.8203430175781,316.2270812988281,168.7403106689453,183.97000122070312,89.82390594482422
2023-05-02,394.33795166015625,313.4690856933594,165.27500915527344,187.52000427246094,92.06230163574219
2023-05-03,391.631103515625,311.4178466796875,165.8814239501953,189.11000061035156,92.57622528076172
2023-05-04,388.8572692871094,310.3185119628906,164.0236358642578,190.44000244140625,91.66165924072266
2023-05-05,396.0559387207031,316.9141540527344,167.92208862304688,187.4600067138672,91.35682678222656
2023-05-08,396.1615905761719,317.6993103027344,167.5370635986328,187.69000244140625,90.07649230957031
2023-05-09,394.4242248535156,315.6872253417969,167.03651428222656,189.02000427246094,89.75421142578125
2023-05-10,396.2671203613281,319.1224670410156,167.8836212158203,188.75,90.62519073486328
2023-05-11,395.5760498046875,320.1628723144531,166.59375,187.1300048828125,91.5832748413086
2023-05-12,395.0577697753906,319.0145263671875,166.25686645507812,186.80999755859375,90.81681823730469
2023-05-15,396.4207458496094,320.7419738769531,168.28787231445312,187.2100067138672,89.87615203857422
2023-05-16,393.77154541015625,321.1051330566406,165.83331298828125,184.8699951171875,89.60614013671875
2023-05-17,398.55157470703125,324.9918212890625,169.52963256835938,184.22999572753906,89.3448715209961
2023-05-18,402.3908996582031,331.0279846191406,170.5595703125,181.83999633789062,88.68293762207031
2023-05-19,401.80535888671875,330.2821044921875,169.52003479003906,183.63999938964844,88.05582427978516
2023-05-22,401.9685974121094,331.39117431640625,171.58953857421875,183.2100067138672,87.7422866821289
2023-05-23,397.4573059082031,327.1903381347656,170.7809600830078,183.42999267578125,87.99482727050781
2023-05-24,394.5777893066406,325.5119934082031,168.97132873535156,181.9499969482422,87.55936431884766
2023-05-25,397.994873046875,333.43267822265625,167.65260314941406,180.1999969482422,87.34160614013672
2023-05-26,403.1491394042969,341.95196533203125,169.55848693847656,180.9199981689453,88.047119140625
2023-05-30,403.302734375,343.50274658203125,168.93283081054688,182.0399932861328,88.92679595947266
2023-05-31,401.0663146972656,341.5495910644531,167.26756286621094,182.32000732421875,89.70198059082031
2023-06-01,404.8769226074219,345.4952087402344,169.0771942138672,183.75999450683594,90.05390930175781
2023-06-02,410.7318420410156,348.0863037109375,175.20884704589844,181.0500030517578,89.06709289550781
2023-06-05,409.9447937011719,348.33172607421875,172.86013793945312,182.13999938964844,88.90116119384766
2023-06-06,410.83740234375,348.2727966308594,177.41314697265625,182.33999633789062,89.42516326904297
2023-06-07,409.4168395996094,342.3642272949219,180.732666015625,180.14999389648438,88.09772491455078
2023-06-08,411.89324951171875,346.6140441894531,180.0569610595703,182.52999877929688,89.12821197509766
2023-06-09,412.6322937011719,347.9391784667969,178.5994415283203,182.0399932861328,89.00596618652344
2023-06-12,416.3756408691406,353.81829833984375,179.34268188476562,181.8800048828125,89.26792907714844
2023-06-13,419.12078857421875,356.5369873046875,181.398681640625,180.5399932861328,88.38590240478516
2023-06-14,419.619873046875,359.1280822753906,179.44886779785156,180.63999938964844,89.09326171875
2023-06-15,424.8221740722656,363.4074401855469,180.92568969726562,181.91000366210938,89.94914245605469
2023-06-16,423.37518310546875,361.1205749511719,179.477783203125,181.6300048828125,89.59977722167969
2023-06-20,421.1786193847656,360.60357666015625,178.6959686279297,179.75,90.2198486328125
2023-06-21,419.0206604003906,355.68939208984375,178.2808837890625,179.49000549316406,90.43816375732422
2023-06-22,420.53314208984375,359.8861389160156,176.9585418701172,177.7100067138672,89.3465576171875
2023-06-23,417.3538818359375,356.3184509277344,174.29444885253906,178.1999969482422,90.23731231689453
2023-06-26,415.6487121582031,351.54180908203125,174.46817016601562,178.50999450683594,90.3333740234375
2023-06-27,420.20562744140625,357.5862731933594,176.9874725341797,177.69000244140625,90.0975570678711
2023-06-28,420.41754150390625,358.2840881347656,177.85621643066406,177.27999877929688,90.48181915283203
2023-06-29,422.0744934082031,357.5666198730469,179.90252685546875,177.08999633789062,88.84873962402344
2023-06-30,427.05535888671875,363.0802917480469,180.76158142089844,178.27000427246094,89.8967056274414
2023-07-03,427.5466613769531,363.9354248046875,181.12835693359375,178.47000122070312,89.3870849609375
2023-07-05,426.91082763671875,363.9255676269531,179.32337951660156,177.83999633789062,88.5376968383789
2023-07-06,423.56787109375,361.15399169921875,176.4276580810547,177.30999755859375,87.2854995727539
2023-07-07,422.4984436035156,359.9549560546875,178.2905731201172,178.63999938964844,86.76010131835938
2023-07-10,423.56787109375,360.07281494140625,181.34072875976562,178.77999877929688,86.87397003173828
2023-07-11,426.2653503417969,361.85186767578125,183.20367431640625,179.4499969482422,87.320556640625
2023-07-12,429.6950378417969,366.4220275878906,185.2017364501953,181.8800048828125,88.29249572753906
2023-07-13,433.1054992675781,372.6433410644531,186.69784545898438,182.00999450683594,89.220703125
2023-07-14,432.8357238769531,372.56475830078125,184.87355041503906,181.42999267578125,88.69530487060547
2023-07-17,434.33856201171875,376.04400634765625,186.852294921875,181.55999755859375,88.73909759521484
2023-07-18,437.56597900390625,379.1202392578125,189.15924072265625,183.63999938964844,89.14189147949219
2023-07-19,438.5390930175781,379.03179931640625,189.96038818359375,183.6699981689453,90.14889526367188
2023-07-20,435.6296081542969,370.29443359375,188.3001708984375,182.74000549316406,89.0543212890625
2023-07-21,435.6296081542969,369.18377685546875,187.70172119140625,182.17999267578125,89.08060455322266
2023-07-24,437.57562255859375,369.7734680175781,188.1650390625,181.39999389648438,88.75659942626953
2023-07-25,438.7702331542969,372.27972412109375,188.14572143554688,182.41000366210938,88.5902328491211
2023-07-26,438.837646484375,371.0413513183594,189.63221740722656,183.3000030517578,88.67780303955078
2023-07-27,435.9282531738281,370.15679931640625,187.18048095703125,180.4199981689453,86.95275115966797
2023-07-28,440.1961364746094,376.8990478515625,189.6032257080078,181.86000061035156,87.3993148803711
2023-07-31,441.0342712402344,377.0956115722656,191.8040008544922,182.35000610351562,87.60952758789062
2023-08-01,439.772216796875,376.22088623046875,190.92564392089844,180.4600067138672,86.1738510131836
2023-08-02,433.6546630859375,367.9651184082031,188.32913208007812,179.60000610351562,85.25188446044922
2023-08-03,432.411865234375,367.3753356933594,187.7982177734375,179.5399932861328,83.28499603271484
2023-08-04,430.45611572265625,365.65533447265625,187.4217987060547,180.19000244140625,84.76013946533203
2023-08-07,434.2133483886719,368.7512512207031,187.5472869873047,179.77999877929688,83.92598724365234
2023-08-08,432.3251037597656,365.6160583496094,186.3696746826172,178.63999938964844,84.90064239501953
2023-08-09,429.4349060058594,361.59619140625,184.9121551513672,177.7899932861328,85.33969116210938
2023-08-10,429.58905029296875,362.26458740234375,184.0916748046875,177.60000610351562,83.93476104736328
2023-08-11,429.33856201171875,359.9549560546875,184.35231018066406,177.60000610351562,83.74158477783203
2023-08-14,431.7085266113281,363.9943542480469,184.0338134765625,177.05999755859375,83.55722045898438
2023-08-15,426.6795959472656,360.1318664550781,181.60133361816406,176.58999633789062,83.04792785644531
2023-08-16,423.548583984375,356.3184509277344,179.3812713623047,175.57000732421875,82.39813232421875
2023-08-17,420.3211669921875,352.4263916015625,177.2674102783203,175.3000030517578,82.04694366455078
2023-08-18,420.5234680175781,351.9840393066406,178.23260498046875,175.3300018310547,82.33667755126953
2023-08-21,423.2594909667969,357.6550598144531,177.97203063964844,175.80999755859375,81.23908996582031
2023-08-22,422.11309814453125,357.1439514160156,177.44114685058594,176.10000610351562,81.8625259399414
2023-08-23,426.8144226074219,362.775634765625,179.33303833007812,177.88999938964844,83.89087677001953
2023-08-24,420.8992004394531,355.0210876464844,176.8523712158203,177.85000610351562,83.33767700195312
2023-08-25,423.8664855957031,357.77301025390625,177.60525512695312,177.6199951171875,83.60991668701172
2023-08-28,426.55438232421875,360.4660339355469,179.18824768066406,178.1300048828125,83.69771575927734
2023-08-29,432.7200927734375,368.3385009765625,181.688232421875,179.8699951171875,84.56697845458984
2023-08-30,434.5024108886719,370.3927001953125,182.37356567382812,180.32000732421875,84.47918701171875
2023-08-31,433.86651611328125,371.50323486328125,182.05502319335938,180.02000427246094,84.85676574707031
2023-09-01,434.6758117675781,371.1101379394531,184.2171630859375,180.11000061035156,83.5348129272461
2023-09-05,432.7972106933594,371.58184814453125,180.3368682861328,178.63999938964844,82.36347961425781
2023-09-06,429.8876953125,368.3090515136719,179.66123962402344,177.8300018310547,82.56602478027344
2023-09-07,428.56787109375,365.6750183105469,177.92376708984375,178.02000427246094,82.79502868652344
2023-09-08,429.21331787109375,366.18609619140625,177.52801513671875,178.0800018310547,83.11209106445312
2023-09-11,432.0361328125,370.5007629394531,177.9527130126953,178.41000366210938,82.51319885253906
2023-09-12,429.6661376953125,366.3924865722656,177.77899169921875,177.49000549316406,82.9887924194336
2023-09-13,430.1671447753906,367.7880859375,176.61105346679688,177.0800018310547,82.97116088867188
2023-09-14,433.8761901855469,370.7956237792969,179.1013641357422,177.1699981689453,82.37227630615234
2023-09-15,428.6487121582031,364.4464416503906,177.2288055419922,178.33999633789062,81.87026977539062
2023-09-18,428.9001159667969,364.8264465332031,176.05117797851562,179.38999938964844,82.3370590209961
2023-09-19,428.0105895996094,364.0488586425781,175.36585998535156,179.22000122070312,81.72936248779297
2023-09-20,424.0757751464844,358.802734375,173.609130859375,179.35000610351562,81.9847640991211
2023-09-21,417.0664978027344,352.227783203125,170.9161376953125,178.0500030517578,79.8798828125
2023-09-22,416.12872314453125,352.27703857421875,170.5299835205078,178.6199951171875,80.5228042602539
2023-09-25,417.8786315917969,353.9503479003906,171.2925567626953,177.6999969482422,78.54120635986328
2023-09-26,411.73944091796875,348.63531494140625,169.0901641845703,176.27999877929688,78.26820373535156
2023-09-27,411.90374755859375,349.4522399902344,170.67092895507812,174.10000610351562,77.86307525634766
2023-09-28,414.2917175292969,352.37554931640625,172.2128448486328,173.22999572753906,78.10086822509766
2023-09-29,413.2863464355469,352.63140869140625,171.3982391357422,171.4499969482422,78.10965728759766
2023-10-02,413.1219787597656,355.5743408203125,168.80894470214844,169.64999389648438,76.80209350585938
2023-10-03,407.5918273925781,349.3341064453125,165.96749877929688,169.16000366210938,75.14995574951172
2023-10-04,410.5599365234375,354.0881042480469,166.04507446289062,169.13999938964844,76.21016693115234
2023-10-05,410.4052734375,353.0447692871094,166.171142578125,168.8300018310547,75.83028411865234
2023-10-06,415.27789306640625,358.960205078125,167.7712860107422,169.6999969482422,74.9113998413086
2023-10-09,417.93658447265625,360.7909240722656,168.74105834960938,172.82000732421875,76.66957092285156
2023-10-10,420.1119384765625,362.78900146484375,170.6514892578125,172.52999877929688,76.56355285644531
2023-10-11,421.83282470703125,365.3775939941406,170.3605499267578,173.7899932861328,78.16268920898438
2023-10-12,419.2611389160156,364.10784912109375,166.51055908203125,173.25999450683594,76.04229736328125
2023-10-13,417.1728820800781,359.5310974121094,165.12380981445312,178.8300018310547,77.40289306640625
2023-10-16,421.56207275390625,363.5960998535156,167.79066467285156,177.9600067138672,76.15715026855469
2023-10-17,421.5427551269531,362.4051208496094,169.66233825683594,178.2899932861328,75.31782531738281
2023-10-18,415.9256591796875,357.65118408203125,166.171142578125,180.8699951171875,74.65521240234375
2023-10-19,412.2711486816406,354.30462646484375,163.52365112304688,183.08999633789062,73.12677764892578
2023-10-20,407.2051696777344,349.0191345214844,161.40951538085938,183.58999633789062,73.54199981689453
2023-10-23,406.4993896484375,350.0723571777344,160.04212951660156,182.97000122070312,74.42550659179688
2023-10-24,409.5641174316406,353.4778747558594,161.4386444091797,182.9499969482422,75.40616607666016
2023-10-25,403.6859436035156,344.8262023925781,158.77175903320312,183.72000122070312,73.7275390625
2023-10-26,398.85198974609375,338.2513122558594,159.17904663085938,184.00999450683594,74.85845184326172
2023-10-27,397.0440979003906,339.8753662109375,157.30738830566406,186.14999389648438,74.54035949707031
2023-10-30,401.7911071777344,343.7041320800781,158.18017578125,185.10000610351562,74.2046127319336
2023-10-31,404.314453125,345.34783935546875,159.54754638671875,184.08999633789062,73.84239196777344
2023-11-01,408.6263427734375,351.3420104980469,160.45916748046875,183.50999450683594,75.4434585571289
2023-11-02,416.4574279785156,357.72003173828125,164.73587036132812,184.1199951171875,77.163330078125
2023-11-03,420.2569274902344,361.9228515625,169.21624755859375,184.7899932861328,77.6863784790039
2023-11-06,421.2237548828125,363.39923095703125,167.10211181640625,183.35000610351562,76.93282318115234
2023-11-07,422.4225158691406,366.8343200683594,166.51055908203125,182.58999633789062,78.06758117675781
2023-11-08,422.73187255859375,367.0705261230469,164.73587036132812,180.77000427246094,79.39737701416016
2023-11-09,419.4351501464844,364.2456359863281,162.18536376953125,181.49000549316406,77.57112884521484
2023-11-10,425.9803161621094,372.4347839355469,163.99887084960938,179.50999450683594,78.00553131103516
2023-11-13,425.5743103027344,371.2733154296875,164.05702209472656,180.50999450683594,77.82823181152344
2023-11-14,433.8307800292969,379.2655334472656,173.06626892089844,182.1199951171875,79.5924301147461
2023-11-15,434.7491760253906,379.55096435546875,173.3668975830078,181.63999938964844,78.47537994384766
2023-11-16,435.28094482421875,379.8757629394531,170.56423950195312,183.69000244140625,79.4505615234375
2023-11-17,435.82232666015625,379.96435546875,172.90138244628906,183.6699981689453,79.82290649414062
2023-11-20,439.1771240234375,384.59039306640625,173.9099578857422,183.3699951171875,80.31048583984375
2023-11-21,438.2199401855469,382.3560791015625,171.66978454589844,185.35000610351562,80.27503967285156
2023-11-22,439.911865234375,383.9210510253906,172.7462158203125,184.55999755859375,80.55874633789062
2023-11-24,440.18255615234375,383.37969970703125,173.9099578857422,185.52000427246094,79.61014556884766
2023-11-27,439.389892578125,383.0450744628906,173.32809448242188,186.77000427246094,80.93993377685547
2023-11-28,439.82489013671875,384.049072265625,172.65892028808594,189.25999450683594,81.0995101928711
2023-11-29,439.5154724121094,383.6749572753906,173.57052612304688,189.5399932861328,82.1190185546875
2023-11-30,441.24609375,382.7104797363281,174.22996520996094,188.75,81.17041015625
2023-12-01,443.8564147949219,383.802978515625,179.3212890625,192.00999450683594,82.69921875
2023-12-04,441.5264587402344,380.2399597167969,181.241455078125,187.86000061035156,82.37013244628906
2023-12-05,441.439453125,381.19464111328125,178.8170166015625,187.14999389648438,84.13992309570312
2023-12-06,439.6605529785156,378.9898681640625,178.49700927734375,187.83999633789062,85.260498046875
2023-12-07,443.0153503417969,384.2852783203125,179.78677368164062,188.14999389648438,84.7713394165039
2023-12-08,444.919921875,385.9978332519531,181.1541748046875,185.63999938964844,84.07767486572266
2023-12-11,446.65045166015625,389.2951354980469,181.5323944091797,183.58999633789062,83.8998031616211
2023-12-12,448.6903991699219,392.3955993652344,181.34814453125,183.49000549316406,84.14881134033203
2023-12-13,454.8778991699219,397.38580322265625,187.48683166503906,187.6300048828125,86.12310791015625
2023-12-14,456.3377990722656,397.0412902832031,192.7042236328125,188.72999572753906,88.36345672607422
2023-12-15,455.5863952636719,398.9605712890625,191.08468627929688,187.0,88.46158599853516
2023-12-18,458.14910888671875,401.4735107421875,191.15257263183594,187.85000610351562,87.75674438476562
2023-12-19,460.93505859375,403.52490234375,194.8571014404297,189.1300048828125,88.2296142578125
2023-12-20,454.54779052734375,397.5285949707031,191.04556274414062,188.10000610351562,88.82738494873047
2023-12-21,458.8577880859375,402.1540222167969,194.29647827148438,189.42999267578125,88.26530456542969
2023-12-22,459.7799377441406,402.7556457519531,196.10687255859375,190.27000427246094,87.86381530761719
2023-12-26,461.7213439941406,405.2212219238281,198.65701293945312,191.72000122070312,88.11366271972656
2023-12-27,462.5561828613281,406.0461120605469,199.35781860351562,192.58999633789062,89.67499542236328
2023-12-28,462.7309265136719,405.8487243652344,198.5985870361328,191.47000122070312,89.02367401123047
2023-12-29,461.3913269042969,404.0923156738281,195.35740661621094,191.1699981689453,88.22069549560547
2024-01-02,458.8092041015625,397.254150390625,194.1991729736328,190.72000122070312,87.71214294433594
2024-01-03,455.062255859375,393.0506591796875,189.02101135253906,189.1300048828125,88.07794952392578
2024-01-04,453.596435546875,391.02783203125,188.6511688232422,189.32000732421875,86.73965454101562
2024-01-05,454.2177429199219,391.4915771484375,188.0963592529297,189.35000610351562,85.909912109375
2024-01-08,460.7021789550781,399.58294677734375,191.48353576660156,187.8699951171875,86.75748443603516
2024-01-09,460.003173828125,400.372314453125,189.77047729492188,187.92999267578125,86.20433807373047
2024-01-10,462.604736328125,403.08587646484375,189.87757873535156,187.5,85.80282592773438
2024-01-11,462.4009094238281,403.92462158203125,188.3883819580078,187.8699951171875,86.28461456298828
2024-01-12,462.7212219238281,404.1318359375,188.07688903808594,189.7100067138672,86.1151123046875
2024-01-16,461.0224609375,404.0923156738281,185.75062561035156,187.91000366210938,84.59837341308594
2024-01-17,458.4598083496094,401.8129577636719,184.42691040039062,185.83999633789062,84.46454620361328
2024-01-18,462.53668212890625,407.5163269042969,185.5170135498047,187.3699951171875,83.67941284179688
2024-01-19,468.30279541015625,415.5977783203125,187.29823303222656,187.92999267578125,83.9470443725586
2024-01-22,469.29302978515625,416.1405334472656,191.29861450195312,187.22000122070312,84.44669342041016
2024-01-23,470.66168212890625,417.8673400878906,190.74383544921875,187.9499969482422,83.77753448486328
2024-01-24,471.1761779785156,420.1861572265625,189.17677307128906,186.39999389648438,83.2868423461914
2024-01-25,473.7388000488281,420.6993103027344,190.74383544921875,187.13999938964844,83.83106994628906
2024-01-26,473.1369934082031,418.19293212890625,190.75355529785156,187.00999450683594,83.67048645019531
2024-01-29,476.8839416503906,422.4754333496094,194.0920867919922,188.3300018310547,84.63406372070312
2024-01-30,476.51507568359375,419.6632080078125,192.43743896484375,188.58999633789062,85.40135192871094
2024-01-31,468.7396545410156,411.4435729980469,187.73623657226562,188.4499969482422,86.24002838134766
2024-02-01,474.87457275390625,416.2884826660156,190.2279510498047,190.41000366210938,87.93167114257812
2024-02-02,479.873779296875,423.32403564453125,189.2254180908203,188.61000061035156,85.9894027709961
2024-02-05,478.12646484375,422.7714538574219,186.82130432128906,187.57000732421875,84.25294494628906
2024-02-06,479.5146484375,421.9228210449219,188.50514221191406,188.5500030517578,85.0764389038086
2024-02-07,483.51397705078125,426.2645263671875,188.06715393066406,188.5,84.66468048095703
2024-02-08,483.7275085449219,427.053955078125,190.9189910888672,188.3300018310547,84.17241668701172
2024-02-09,486.5231628417969,431.2574462890625,194.02392578125,187.60000610351562,84.00233459472656
2024-02-12,486.3096618652344,429.57012939453125,197.54739379882812,187.11000061035156,84.10078430175781
2024-02-13,479.6116027832031,422.8701171875,189.4200897216797,184.52999877929688,82.65971374511719
2024-02-14,483.97021484375,427.4782409667969,193.81954956054688,184.4199981689453,83.0804214477539
2024-02-15,487.3094482421875,428.75115966796875,198.98794555664062,185.66000366210938,83.51007080078125
2024-02-16,484.8826904296875,424.86334228515625,196.28208923339844,186.33999633789062,83.02669525146484
2024-02-20,482.2132263183594,421.65643310546875,193.5762176513672,187.47000122070312,83.09833526611328
2024-02-21,482.6499938964844,419.9691467285156,192.66128540039062,187.47999572753906,82.50757598876953
2024-02-22,492.6387023925781,432.2640075683594,194.12127685546875,187.55999755859375,82.91035461425781
2024-02-23,492.9784851074219,430.9910583496094,194.55926513671875,188.6199951171875,84.020263671875
2024-02-26,491.1729431152344,430.7640686035156,195.78567504882812,188.1999969482422,83.76961517333984
2024-02-27,492.0853576660156,431.8001403808594,198.55966186523438,188.0,83.17887115478516
2024-02-28,491.43499755859375,429.5010986328125,196.92446899414062,188.33999633789062,83.70696258544922
2024-02-29,493.20166015625,433.181640625,198.29685974121094,189.30999755859375,84.2977066040039
2024-03-01,497.8320007324219,439.7040100097656,200.39926147460938,192.88999938964844,84.82298278808594
2024-03-04,497.2980651855469,438.13507080078125,200.21434020996094,196.00999450683594,84.48177337646484
2024-03-05,492.3280334472656,430.2707214355469,198.29685974121094,197.19000244140625,85.6849365234375
2024-03-06,494.8227844238281,432.9744567871094,199.77633666992188,198.80999755859375,86.187744140625
2024-03-07,499.734619140625,439.5461120605469,201.44076538085938,199.94000244140625,86.10694885253906
2024-03-08,496.73516845703125,433.2013244628906,201.31417846679688,201.6300048828125,85.95430755615234
2024-03-11,496.30804443359375,431.5929870605469,199.7179412841797,202.0,85.90941619873047
2024-03-12,501.6470031738281,437.7798156738281,199.44540405273438,199.7899932861328,85.19108581542969
2024-03-13,500.8606872558594,434.4150390625,200.2240753173828,201.19000244140625,84.778076171875
2024-03-14,499.8705139160156,433.3197937011719,196.64219665527344,200.35000610351562,83.47615814208984
2024-03-15,496.4381408691406,428.1689758300781,197.01206970214844,199.7100067138672,83.44922637939453
2024-03-18,499.3885192871094,432.2525939941406,195.88302612304688,200.02999877929688,83.19779968261719
2024-03-19,502.1636657714844,433.3295593261719,196.71034240722656,199.8000030517578,83.43125915527344
2024-03-20,506.8083190917969,438.4674377441406,200.60366821289062,202.17999267578125,83.40432739257812
2024-03-21,508.4831848144531,440.5423278808594,202.9085235595703,201.97000122070312,83.58387756347656
2024-03-22,507.5191650390625,441.0462341308594,200.1079559326172,200.35000610351562,84.38301086425781
2024-03-25,506.1170349121094,439.4455871582031,200.5666046142578,200.99000549316406,83.96102142333984
2024-03-26,505.1822814941406,438.02276611328125,200.20556640625,201.63999938964844,84.19445037841797
2024-03-27,509.42767333984375,439.5147399902344,204.5673828125,203.10000610351562,85.02949523925781
2024-03-28,509.33038330078125,438.7045593261719,205.21142578125,205.72000122070312,84.95765686035156
2024-04-01,508.4442443847656,439.6333312988281,203.27931213378906,207.82000732421875,83.37395477294922
2024-04-02,505.2114562988281,435.83917236328125,199.5419921875,210.88999938964844,82.9145278930664
2024-04-03,505.7665100097656,436.81732177734375,200.84959411621094,212.74000549316406,82.89649963378906
2024-04-04,499.593017578125,430.1381530761719,198.8394317626953,211.52000427246094,83.49105072021484
2024-04-05,504.8122253417969,435.2068786621094,199.50296020507812,215.13999938964844,82.3289566040039
2024-04-08,505.0945739746094,435.3352966308594,200.59585571289062,216.47999572753906,82.31995391845703
2024-04-09,505.6788330078125,436.94580078125,201.3862762451172,217.6699981689453,83.085693359375
2024-04-10,500.61541748046875,433.1319580078125,196.06813049316406,215.61000061035156,81.27497863769531
2024-04-11,504.3935241699219,440.0483093261719,197.39523315429688,219.8000030517578,80.90560150146484
2024-04-12,497.4313659667969,433.0331115722656,193.88232421875,216.88999938964844,81.3380355834961
2024-04-15,491.199462890625,425.9093017578125,191.04275512695312,220.9499969482422,80.07683563232422
2024-04-16,490.3036193847656,425.9487609863281,190.3401641845703,221.22000122070312,79.54534912109375
2024-04-17,487.4018859863281,420.75164794921875,188.3300018310547,219.58999633789062,80.42817687988281
2024-04-18,486.3989562988281,418.3506774902344,188.1739044189453,220.33999633789062,80.02279663085938
2024-04-19,482.15350341796875,409.6953430175781,188.46664428710938,221.02999877929688,80.31105041503906
2024-04-22,486.5937194824219,413.81549072265625,190.57437133789062,215.57000732421875,80.1759262084961
2024-04-23,492.367919921875,419.9908752441406,193.76524353027344,215.0399932861328,80.20295715332031
2024-04-24,492.13421630859375,421.4136962890625,192.8967742919922,214.63999938964844,79.63540649414062
2024-04-25,490.2646789550781,419.3782653808594,191.725830078125,215.9199981689453,79.0768814086914
2024-04-26,494.90936279296875,425.85003662109375,193.56031799316406,216.6199951171875,79.49127960205078
2024-04-29,496.66204833984375,427.5791320800781,195.12161254882812,216.17999267578125,80.15791320800781
2024-04-30,488.79437255859375,419.5166320800781,191.15985107421875,211.8699951171875,79.47323608398438
2024-05-01,487.2072448730469,416.4833068847656,191.55990600585938,213.7899932861328,80.05907440185547
2024-05-02,491.76422119140625,421.7989807128906,195.08258056640625,213.1300048828125,80.40257263183594
2024-05-03,497.8598327636719,430.2764587402344,197.0146484375,212.9600067138672,81.21620178222656
2024-05-06,503.0010681152344,434.9894714355469,199.56150817871094,215.1999969482422,81.53260040283203
2024-05-07,503.55609130859375,435.05865478515625,200.0103759765625,214.2100067138672,82.02980041503906
2024-05-08,503.60479736328125,434.8017272949219,198.84915161132812,213.5800018310547,81.53260040283203
2024-05-09,506.5064697265625,435.75030517578125,200.8788299560547,216.9499969482422,81.93035888671875
2024-05-10,507.1589660644531,436.7778625488281,199.36634826660156,218.7100067138672,81.46934509277344
2024-05-13,507.22705078125,437.7856140136719,199.78594970703125,216.25999450683594,81.67723083496094
2024-05-14,509.5542907714844,440.6015930175781,201.85467529296875,218.08999633789062,82.1382827758789
2024-05-15,515.8641967773438,447.48834228515625,204.37222290039062,220.88999938964844,83.25923156738281
2024-05-16,514.802734375,446.5793762207031,202.8987579345703,220.02999877929688,83.17790222167969
2024-05-17,515.5427856445312,446.3619384765625,203.0451202392578,223.66000366210938,82.6174087524414
2024-05-20,516.1367797851562,449.47430419921875,203.49400329589844,224.55999755859375,82.37332916259766
2024-05-21,517.4025268554688,450.35369873046875,203.29884338378906,224.22999572753906,82.7982177734375
2024-05-22,515.912841796875,450.2647399902344,201.58140563964844,220.11000061035156,82.89764404296875
2024-05-23,512.14453125,448.2392272949219,198.27345275878906,215.72000122070312,82.36429595947266
2024-05-24,515.5330810546875,452.47796630859375,200.46900939941406,215.9199981689453,82.6083755493164
2024-05-28,515.893310546875,454.18731689453125,200.19578552246094,218.19000244140625,81.42413330078125
2024-05-29,512.2808227539062,450.9861145019531,197.23912048339844,216.16000366210938,80.43872833251953
2024-05-30,508.8823547363281,446.15447998046875,199.11265563964844,216.57000732421875,81.21620178222656
2024-05-31,513.5174560546875,445.324462890625,200.79103088378906,215.3000030517578,81.76763916015625
2024-06-03,513.9362182617188,447.715576171875,199.6591033935547,217.22000122070312,83.09019470214844
2024-06-04,514.5105590820312,448.94073486328125,197.08297729492188,215.27000427246094,84.06077575683594
2024-06-05,520.6255493164062,457.9913330078125,200.0981903076172,217.82000732421875,84.6776351928711
2024-06-06,520.615966796875,457.8332214355469,198.6637420654297,219.42999267578125,84.55060577392578
2024-06-07,519.9830322265625,457.4281311035156,196.3316192626953,211.60000610351562,82.99947357177734
2024-06-10,521.589599609375,459.2757568359375,197.00491333007812,213.5399932861328,82.4461669921875
2024-06-11,522.8457641601562,462.4276428222656,196.33168029785156,214.14999389648438,83.298828125
2024-06-12,527.1399536132812,468.4844055175781,199.3455352783203,214.72000122070312,83.92472076416016
2024-06-13,528.2012939453125,471.0237121582031,197.603759765625,212.97000122070312,85.15836334228516
2024-06-14,528.5226440429688,473.46417236328125,194.4626922607422,215.72999572753906,85.8749771118164
2024-06-17,532.7290649414062,479.2640686035156,196.09681701660156,214.61000061035156,85.02230834960938
2024-06-18,534.0825805664062,479.4122619628906,196.4393310546875,215.47000122070312,85.80240631103516
2024-06-20,532.6317138671875,475.7169189453125,195.60755920410156,218.16000366210938,85.23094177246094
2024-06-21,531.9176635742188,474.4423522949219,196.0479278564453,214.77999877929688,85.23094177246094
2024-06-24,530.188720703125,469.041015625,196.8992156982422,215.6300048828125,85.57565307617188
2024-06-25,532.2302856445312,474.4047546386719,196.25340270996094,214.55999755859375,85.72078704833984
2024-06-26,532.89453125,475.3844909667969,195.7347869873047,212.5800018310547,84.49618530273438
2024-06-27,533.734619140625,476.6116027832031,197.72117614746094,214.99000549316406,84.83180236816406
2024-06-28,531.63427734375,474.13751220703125,198.53338623046875,215.00999450683594,83.25346374511719
2024-07-01,532.728515625,476.91839599609375,196.86990356445312,215.57000732421875,81.81661224365234
2024-07-02,536.3135986328125,481.9259033203125,197.54507446289062,215.55999755859375,82.45360565185547
2024-07-03,538.70703125,485.9437561035156,197.49615478515625,217.99000549316406,83.53646087646484
2024-07-05,541.8134155273438,491.0106201171875,196.55673217773438,220.92999267578125,84.22805786132812
2024-07-08,542.4385986328125,492.1783447265625,197.93649291992188,218.19000244140625,84.41004180908203
2024-07-09,542.9661254882812,492.6038818359375,197.07537841796875,218.55999755859375,84.03694915771484
2024-07-10,548.3389892578125,497.7400207519531,199.00306701660156,219.36000061035156,84.30084991455078
2024-07-11,543.6107788085938,486.824462890625,206.15611267089844,223.25,85.11982727050781
2024-07-12,547.0396728515625,489.68450927734375,208.5632781982422,223.11000061035156,85.48383331298828
2024-07-15,548.5440673828125,491.0007019042969,212.5263214111328,223.8300018310547,84.50106811523438
2024-07-16,551.7970581054688,491.188720703125,219.77720642089844,228.2899932861328,85.69313049316406
2024-07-17,544.0601806640625,476.7699279785156,217.4776611328125,227.22999572753906,85.71133422851562
2024-07-18,539.8792114257812,474.5136413574219,213.26998901367188,225.77999877929688,85.05613708496094
2024-07-19,536.2940673828125,470.3077392578125,212.18380737304688,221.72999572753906,84.5556411743164
2024-07-22,541.8233032226562,477.31427001953125,215.5597381591797,221.8000030517578,84.30995178222656
2024-07-23,540.9733276367188,475.6318359375,217.8494873046875,222.5800018310547,84.19164276123047
2024-07-24,528.7135620117188,458.5708312988281,213.17214965820312,221.8000030517578,83.28167724609375
2024-07-25,525.958740234375,453.51385498046875,215.83372497558594,218.3300018310547,83.96414947509766
2024-07-26,531.8492431640625,458.1650695800781,219.4053497314453,220.6300048828125,84.61934661865234
2024-07-29,532.1619262695312,459.08538818359375,216.9688262939453,220.32000732421875,85.0743408203125
2024-07-30,529.4656372070312,452.7815246582031,217.79078674316406,222.52000427246094,85.40192413330078
2024-07-31,538.0720825195312,466.1809997558594,219.05308532714844,226.5500030517578,86.27550506591797
2024-08-01,530.4524536132812,454.889404296875,211.92941284179688,225.77000427246094,87.01962280273438
2024-08-02,520.5762329101562,444.0926513671875,204.43389892578125,225.33999633789062,89.73128509521484
2024-08-05,505.4151306152344,430.85150146484375,197.85818481445312,222.47999572753906,90.20606231689453
2024-08-06,510.0747985839844,434.9683532714844,200.0109405517578,220.6999969482422,88.18830108642578
2024-08-07,506.66546630859375,430.2577209472656,197.64291381835938,220.5500030517578,87.56744384765625
2024-08-08,518.378173828125,443.41973876953125,202.44747924804688,224.00999450683594,87.02876281738281
2024-08-09,520.6640625,445.7354431152344,202.0267333984375,224.55999755859375,87.8869857788086
2024-08-12,520.9376220703125,446.6953430175781,200.2066650390625,228.41000366210938,88.20655059814453
2024-08-13,529.5048217773438,457.77911376953125,203.5042724609375,228.05999755859375,88.81828308105469
2024-08-14,531.1753540039062,457.92755126953125,202.2419891357422,226.1999969482422,89.3752212524414
2024-08-15,540.2797241210938,469.49627685546875,207.48687744140625,226.91000366210938,88.6539306640625
2024-08-16,541.4910278320312,470.09991455078125,208.03488159179688,231.99000549316406,88.96436309814453
2024-08-19,546.66845703125,476.2751159667969,210.5790557861328,231.61000061035156,89.3752212524414
2024-08-20,545.779541015625,475.2756042480469,208.12294006347656,232.4600067138672,90.0873794555664
2024-08-21,547.6551513671875,477.49237060546875,210.83346557617188,232.14999389648438,90.14213562011719
2024-08-22,543.3568115234375,469.9217834472656,208.9742431640625,229.3699951171875,89.24737548828125
2024-08-23,549.1302490234375,475.0183410644531,215.6478271484375,232.02000427246094,89.83171081542969
2024-08-26,547.8211669921875,470.40667724609375,215.71629333496094,232.75999450683594,89.60344696044922
2024-08-27,548.5733642578125,471.81195068359375,214.0430145263672,233.38999938964844,89.4482421875
2024-08-28,545.3887329101562,466.4581298828125,212.5947723388672,231.75,89.33869171142578
2024-08-29,545.4375610351562,465.7752380371094,214.1115264892578,232.9499969482422,89.04654693603516
2024-08-30,550.6443481445312,471.3270263671875,215.35426330566406,231.2899932861328,88.09698486328125
2024-09-03,539.3125,457.01708984375,208.7687530517578,230.2899932861328,89.53783416748047
2024-09-04,538.208740234375,455.82952880859375,208.41648864746094,230.42999267578125,90.69196319580078
2024-09-05,536.8997192382812,456.2550964355469,207.3792724609375,232.35000610351562,91.2049331665039
2024-09-06,527.8637084960938,444.03326416015625,203.435791015625,230.6300048828125,91.1957778930664
2024-09-09,533.7737426757812,449.743408203125,204.0033416748047,231.60000610351562,91.58966064453125
2024-09-10,536.0987548828125,453.8997802734375,203.83700561523438,232.6199951171875,92.2308349609375
2024-09-11,541.5985107421875,463.7564697265625,204.43389892578125,232.25,92.15755462646484
2024-09-12,546.1604614257812,468.3086853027344,207.06613159179688,236.3300018310547,91.72705841064453
2024-09-13,549.0130004882812,470.40667724609375,212.17404174804688,238.67999267578125,91.974365234375
2024-09-16,549.82373046875,468.3284606933594,212.9373016357422,238.66000366210938,92.81707000732422
2024-09-17,550.0484619140625,468.57586669921875,214.69863891601562,237.33999633789062,92.36822509765625
2024-09-18,548.4171752929688,466.5471496582031,214.73776245117188,235.50999450683594,91.22325134277344
2024-09-19,557.7754516601562,478.34344482421875,219.1607208251953,239.1699981689453,90.92098236083984
2024-09-20,556.8113403320312,477.4330139160156,216.812255859375,242.2100067138672,90.57292938232422
2024-09-23,558.2027587890625,478.69854736328125,216.01963806152344,242.67999267578125,90.38056182861328
2024-09-24,559.7999267578125,481.007568359375,216.3817138671875,246.07000732421875,90.36223602294922
2024-09-25,558.5653076171875,481.4535827636719,213.74244689941406,245.72999572753906,89.61111450195312
2024-09-26,560.7798461914062,485.0707092285156,214.8814239501953,246.97999572753906,89.82178497314453
2024-09-27,559.9664916992188,482.37518310546875,216.33457946777344,245.02000427246094,90.2889404296875
2024-09-30,562.2103881835938,483.68328857421875,216.8844451904297,243.05999755859375,89.85843658447266
2024-10-01,557.1738891601562,476.94439697265625,213.9388427734375,245.61000061035156,90.5072021484375
2024-10-02,557.4090576171875,477.6183166503906,213.64425659179688,245.66000366210938,89.7444839477539
2024-10-03,556.3899536132812,477.26153564453125,212.2107391357422,245.49000549316406,88.89906311035156
2024-10-04,561.4461059570312,482.9400634765625,215.17599487304688,245.0,87.80550384521484
2024-10-07,556.370361328125,477.7669677734375,213.4871826171875,244.1699981689453,87.14388275146484
2024-10-08,561.63232421875,484.9022521972656,213.63446044921875,242.3699951171875,87.29088592529297
2024-10-09,565.5224609375,488.7176208496094,214.1057586669922,241.0500030517578,86.79466247558594
2024-10-10,564.5327758789062,488.1626892089844,212.91770935058594,242.82000732421875,86.45464324951172
2024-10-11,567.9132690429688,488.92578125,217.24771118164062,245.47000122070312,86.10543060302734
2024-10-14,572.5579223632812,493.028564453125,218.84814453125,245.07000732421875,86.1697769165039
2024-10-15,568.1092529296875,486.4383239746094,219.02490234375,245.9199981689453,87.21737670898438
2024-10-16,570.5784912109375,486.4977722167969,222.62835693359375,247.14999389648438,87.58495330810547
2024-10-17,570.62744140625,486.8347473144531,222.0195770263672,248.6300048828125,86.19735717773438
2024-10-18,572.822509765625,490.0257873535156,221.55810546875,251.27000427246094,86.26165771484375
2024-10-21,571.8817749023438,490.9672546386719,218.07247924804688,251.22000122070312,84.75460052490234
2024-10-22,571.5780639648438,491.50238037109375,217.24771118164062,253.92999267578125,84.83728790283203
2024-10-23,566.355224609375,483.9706726074219,215.26437377929688,250.8699951171875,84.60755920410156
2024-10-24,567.5801391601562,487.8951416015625,215.73565673828125,252.8000030517578,85.14974212646484
2024-10-25,567.3840942382812,490.8681640625,214.9207000732422,253.32000732421875,84.67189025878906
2024-10-28,569.1381225585938,490.94744873046875,218.42596435546875,253.3300018310547,84.44214630126953
2024-10-29,570.0592651367188,495.6646728515625,217.71900939941406,256.0899963378906,84.57080078125
2024-10-30,568.3346557617188,491.91864013671875,217.42445373535156,257.5,84.81893157958984
2024-10-31,557.1934204101562,479.501220703125,213.81117248535156,253.50999450683594,84.9567642211914
2024-11-01,559.5452270507812,483.0490417480469,215.00906372070312,252.47000122070312,83.75897979736328
2024-11-04,558.3399658203125,481.641845703125,216.09893798828125,252.8300018310547,85.05912780761719
2024-11-05,565.0912475585938,487.7861328125,220.1638641357422,253.39999389648438,85.51089477539062
2024-11-06,579.142578125,501.03594970703125,232.91831970214844,245.6999969482422,83.16890716552734
2024-11-07,583.62060546875,508.92437744140625,232.0935516357422,249.64999389648438,84.21082305908203
2024-11-08,586.1486206054688,509.51898193359375,233.80198669433594,247.9600067138672,85.28038787841797
2024-11-11,586.7072143554688,509.2217102050781,237.31704711914062,242.13999938964844,84.865478515625
2024-11-12,584.8847045898438,508.3000183105469,233.15394592285156,240.0500030517578,83.59304809570312
2024-11-13,585.1687622070312,507.6459655761719,230.84657287597656,237.6300048828125,82.80008697509766
2024-11-14,581.4060668945312,504.1180114746094,227.73403930664062,237.00999450683594,83.27954864501953
2024-11-15,573.9591064453125,492.10693359375,224.3367919921875,236.58999633789062,83.05825805664062
2024-11-18,576.3107299804688,495.52587890625,224.77862548828125,241.08999633789062,83.2057876586914
2024-11-19,578.4175415039062,498.9349670410156,226.4477996826172,243.25,83.62992858886719
2024-11-20,578.6134033203125,498.6475830078125,226.74237060546875,244.6199951171875,83.36253356933594
2024-11-21,581.7196655273438,500.4413146972656,230.188720703125,246.66000366210938,83.29798889160156
2024-11-22,583.5226440429688,501.2440490722656,234.440185546875,249.83999633789062,83.34408569335938
2024-11-25,585.5020751953125,502.036865234375,238.00436401367188,242.47999572753906,85.501708984375
2024-11-26,588.55908203125,504.7323913574219,236.25665283203125,242.9499969482422,85.1697769165039
2024-11-27,586.7757568359375,500.7584533691406,236.58065795898438,243.49000549316406,85.75987243652344
2024-11-29,590.4209594726562,505.15850830078125,237.4839630126953,245.58999633789062,86.64505004882812
2024-12-02,591.4790649414062,510.6586608886719,237.36614990234375,243.44000244140625,86.85323333740234
2024-12-03,591.7535400390625,512.224365234375,235.67733764648438,243.92999267578125,86.103759765625
2024-12-04,595.4280395507812,518.5570068359375,236.52174377441406,244.6699981689453,87.02899932861328
2024-12-05,594.4481201171875,517.1200561523438,233.76271057128906,242.86000061035156,87.2048110961914
2024-12-06,595.5750122070312,521.748046875,234.59727478027344,242.9499969482422,87.33435821533203
2024-12-09,592.508056640625,517.6848754882812,233.4190673828125,245.36000061035156,86.52936553955078
2024-12-10,590.6658935546875,515.9209594726562,232.40773010253906,248.58999633789062,86.12227630615234
2024-12-11,595.2321166992188,525.1571655273438,233.4583282470703,250.9600067138672,85.30804443359375
2024-12-12,592.1651000976562,521.7678833007812,230.42434692382812,247.27999877929688,84.27176666259766
2024-12-13,592.0474243164062,525.7616577148438,228.84356689453125,244.2899932861328,83.41128540039062
2024-12-16,594.5755615234375,533.3329467773438,230.188720703125,244.8800048828125,83.66109466552734
2024-12-17,592.1258544921875,530.9843139648438,227.553466796875,243.94000244140625,83.8646469116211
2024-12-18,574.4784545898438,511.8281555175781,217.4791259765625,239.25999450683594,82.81600952148438
2024-12-19,574.3021240234375,509.5487060546875,216.51405334472656,239.60000610351562,81.56204223632812
2024-12-20,581.199951171875,513.998291015625,218.54269409179688,242.10000610351562,82.02648162841797
2024-12-23,584.680419921875,519.006103515625,218.04046630859375,240.9600067138672,81.27410888671875
2024-12-24,591.1790771484375,526.0437622070312,219.9903106689453,241.44000244140625,81.61776733398438
2024-12-26,591.2183837890625,525.6864013671875,222.24545288085938,243.07000732421875,81.57132720947266
2024-12-27,584.9949340820312,518.6984252929688,219.00555419921875,241.39999389648438,80.90257263183594
2024-12-30,578.3192749023438,511.7996826171875,217.32156372070312,240.6300048828125,81.55278015136719
2024-12-31,576.21533203125,507.4521179199219,217.5973358154297,242.1300048828125,81.1162109375
2025-01-02,574.7994384765625,506.4595031738281,217.77456665039062,245.4199981689453,81.3391342163086
2025-01-03,581.9864501953125,514.747802734375,221.01449584960938,243.49000549316406,81.07904815673828
2025-01-06,585.339111328125,520.6636962890625,221.10313415527344,243.19000244140625,80.716796875
2025-01-07,578.7224731445312,511.3728942871094,219.33050537109375,244.55999755859375,79.80653381347656
2025-01-08,579.5679321289062,511.4622802734375,218.3358917236328,245.86000061035156,79.90870666503906
2025-01-10,570.7193603515625,503.44195556640625,213.5301513671875,248.2100067138672,79.3792724609375
2025-01-13,571.604248046875,501.82403564453125,213.9437713623047,245.74000549316406,79.35139465332031
2025-01-14,572.3907470703125,501.3475341796875,216.3761749267578,247.02999877929688,79.22135162353516
2025-01-15,582.802490234375,512.8817138671875,220.63043212890625,248.8800048828125,80.5867691040039
2025-01-16,581.6817016601562,509.2884521484375,221.0736083984375,250.60000610351562,80.84683990478516
2025-01-17,587.5217895507812,517.8843994140625,222.02883911132812,249.27000427246094,80.98616790771484
2025-01-21,592.8995361328125,520.921875,226.29290771484375,253.1300048828125,81.71066284179688
2025-01-22,596.232666015625,527.582275390625,224.8157501220703,254.42999267578125,81.28340911865234
2025-01-23,599.4868774414062,528.7039794921875,225.8399200439453,254.07000732421875,80.65177917480469
2025-01-24,597.73681640625,525.716064453125,225.2096710205078,255.64999389648438,81.0140380859375
2025-01-27,589.2816162109375,510.4100646972656,223.05300903320312,252.99000549316406,81.97073364257812
2025-01-28,594.3449096679688,517.9539184570312,223.2991943359375,255.17999267578125,81.9150390625
2025-01-29,591.6805419921875,516.981201171875,222.78709411621094,254.1999969482422,81.74784088134766
2025-01-30,594.8561401367188,519.1846923828125,225.05210876464844,258.04998779296875,82.05433654785156
2025-01-31,591.6903076171875,518.430419921875,223.03329467773438,258.55999755859375,81.5156021118164
2025-02-03,587.70849609375,514.2811889648438,220.42361450195312,259.94000244140625,82.17930603027344
2025-02-04,591.6510009765625,520.5942993164062,223.47645568847656,262.5,82.43098449707031
2025-02-05,594.0499877929688,522.9566650390625,225.90884399414062,264.1300048828125,83.79194641113281
2025-02-06,596.1146240234375,525.6864013671875,225.17025756835938,263.42999267578125,83.7546615600586
2025-02-07,590.6580810546875,519.0556640625,222.56060791015625,263.8999938964844,83.21400451660156
2025-02-10,594.6693725585938,525.3388671875,223.56507873535156,268.3699951171875,82.96231842041016
2025-02-11,595.1216430664062,524.0882568359375,222.26516723632812,267.3900146484375,82.43098449707031
2025-02-12,593.2044067382812,524.3958740234375,220.21681213378906,267.6700134277344,81.3124008178711
2025-02-13,599.4672241210938,531.9398193359375,222.69845581054688,270.30999755859375,82.66403198242188
2025-02-14,599.4376831054688,534.1732177734375,222.5310516357422,266.2900085449219,83.10214233398438
2025-02-18,601.1975708007812,535.3840942382812,223.75218200683594,270.70001220703125,82.12338256835938
2025-02-19,602.6133422851562,535.5330200195312,222.9840545654297,270.8500061035156,82.22591400146484
2025-02-20,600.1063232421875,533.2599487304688,220.8470916748047,270.989990234375,82.53353881835938
2025-02-21,589.8419799804688,522.1923217773438,214.48536682128906,270.739990234375,83.53095245361328
2025-02-24,587.1578979492188,516.0283203125,212.9392852783203,272.2099914550781,83.77330017089844
2025-02-25,584.2379150390625,509.5266418457031,212.1317596435547,268.6199951171875,85.21817016601562
2025-02-26,584.5327758789062,510.757568359375,212.3976593017578,269.0299987792969,85.72150421142578
2025-02-27,575.2025756835938,496.5730895996094,209.15773010253906,264.92999267578125,85.11561584472656
2025-02-28,584.178955078125,504.41473388671875,211.38331604003906,263.2699890136719,86.15963745117188
2025-03-03,573.9441528320312,493.3768615722656,205.60267639160156,266.739990234375,86.5617446899414
2025-03-04,567.1504516601562,491.8879699707031,203.27857971191406,269.05999755859375,85.49571228027344
2025-03-05,573.24609375,498.30023193359375,205.29737854003906,269.6199951171875,84.81307983398438
2025-03-06,563.0703125,484.59234619140625,202.1559295654297,268.25,84.5325698852539
2025-03-07,566.2262573242188,488.1557312011719,202.81573486328125,268.3900146484375,84.26140594482422
2025-03-10,551.14453125,469.2366638183594,197.71458435058594,266.0400085449219,85.14038848876953
2025-03-11,546.5629272460938,468.1149597167969,197.6948699951172,269.1600036621094,84.5325698852539
2025-03-12,549.4633178710938,473.3956604003906,198.03955078125,270.3299865722656,84.02761840820312
2025-03-13,542.138671875,464.8790588378906,195.085205078125,275.1300048828125,84.76634979248047
2025-03-14,553.3369750976562,476.1153869628906,199.8023223876953,275.239990234375,84.31747436523438
2025-03-17,557.6038818359375,479.202392578125,202.3233184814453,276.7300109863281,84.7383041381836
2025-03-18,551.5770263671875,471.0332336425781,200.56651306152344,279.9599914550781,84.82244873046875
2025-03-19,557.584228515625,477.3363037109375,203.68539428710938,281.1099853515625,85.26195526123047
2025-03-20,555.9718627929688,475.7183532714844,202.3924102783203,280.75,85.31805419921875
2025-03-21,556.1552124023438,477.28668212890625,201.13894653320312,278.489990234375,84.81307983398438
2025-03-24,566.1151733398438,487.7604675292969,206.1430206298828,277.25,83.94347381591797
2025-03-25,567.4760131835938,490.54388427734375,204.99807739257812,278.4700012207031,83.93412017822266
2025-03-26,560.7012939453125,481.51751708984375,202.91554260253906,278.239990234375,83.38240814208984
2025-03-27,559.2122192382812,478.7738342285156,201.9482879638672,281.9700012207031,83.13928985595703
2025-03-28,547.95068359375,466.1687927246094,197.84239196777344,284.05999755859375,84.2894515991211
2025-03-31,551.6289672851562,466.1488952636719,196.8948974609375,288.1400146484375,85.12169647216797
2025-04-01,553.1870727539062,469.90655517578125,196.91461181640625,287.57000732421875,85.85929870605469
2025-04-02,556.6878051757812,473.3361511230469,200.02365112304688,288.1600036621094,85.80299377441406
2025-04-03,529.2537231445312,447.9967956542969,187.1829071044922,286.4200134277344,86.19715118408203
2025-04-04,498.26971435546875,420.1722412109375,178.83294677734375,279.7200012207031,87.13560485839844
2025-04-07,497.3822021484375,421.1861572265625,177.21429443359375,273.7099914550781,84.50794219970703
2025-04-08,489.591796875,413.6012268066406,172.5458221435547,275.20001220703125,82.91255187988281
2025-04-09,541.0084228515625,463.24615478515625,187.21250915527344,285.3800048828125,83.40057373046875
2025-04-10,517.3019409179688,443.54327392578125,179.34619140625,292.3500061035156,81.10133361816406
2025-04-11,526.5320434570312,451.7147216796875,181.9617156982422,297.92999267578125,81.54239654541016
2025-04-14,531.64013671875,454.7764892578125,184.10348510742188,296.2300109863281,82.1242446899414
2025-04-15,530.151123046875,455.283447265625,184.33047485351562,297.7799987792969,82.4151611328125
2025-04-16,518.3668823242188,441.5550842285156,182.5637664794922,307.4700012207031,82.87501525878906
2025-04-17,519.1065063476562,441.4755554199219,184.0541229248047,306.1199951171875,82.14302062988281
2025-04-21,506.7503967285156,430.55047607421875,180.36279296875,315.5899963378906,80.70718383789062
2025-04-22,519.9348754882812,441.8533630371094,185.03126525878906,311.1099853515625,81.15764617919922
2025-04-23,527.991455078125,451.8737487792969,187.77508544921875,303.6499938964844,81.94595336914062
2025-04-24,539.1051635742188,464.5881652832031,191.5355224609375,308.07000732421875,82.80931854248047
2025-04-25,543.0003662109375,469.76739501953125,191.59474182128906,304.7300109863281,83.4193115234375
2025-04-28,543.2074584960938,469.6182556152344,192.40408325195312,309.07000732421875,83.9448471069336
2025-04-29,546.6292724609375,472.7198181152344,193.53912353515625,306.05999755859375,84.64871215820312
2025-04-30,546.8462524414062,472.6601257324219,192.32513427734375,303.7699890136719,83.963623046875
2025-05-01,550.7216796875,478.83343505859375,193.51937866210938,297.4599914550781,83.53787994384766
2025-05-02,558.8967895507812,485.94122314453125,197.8720245361328,297.9800109863281,82.63365173339844
2025-05-05,555.6917724609375,483.058349609375,196.35203552246094,306.8800048828125,82.17210388183594
2025-05-06,551.047119140625,478.5650939941406,194.2102813720703,315.4800109863281,82.44527435302734
2025-05-07,553.3645629882812,480.4438781738281,194.85182189941406,310.75,82.79378509521484
2025-05-08,557.22021484375,485.4044189453125,198.5629119873047,304.6300048828125,81.8707046508789
2025-05-09,556.5103149414062,485.0862731933594,198.19772338867188,306.8399963378906,81.99314880371094
2025-05-12,574.9015502929688,504.8488464355469,205.16587829589844,298.19000244140625,81.23020935058594
2025-05-13,578.6981811523438,512.5431518554688,205.91600036621094,299.4599914550781,80.9005355834961
2025-05-14,579.4376831054688,515.61474609375,204.09007263183594,293.1600036621094,80.3636474609375
2025-05-15,582.2678833007812,516.1815185546875,205.42251586914062,297.8399963378906,81.0700912475586
2025-05-16,585.9559936523438,518.4281616210938,207.12013244628906,294.239990234375,81.2867202758789
2025-05-19,586.596923828125,518.9251708984375,206.2515869140625,298.0299987792969,81.0512466430664
2025-05-20,584.6246948242188,517.1954956054688,206.3601531982422,303.5799865722656,80.46726989746094
2025-05-21,574.7732543945312,510.00811767578125,200.56651306152344,305.82000732421875,79.09208679199219
2025-05-22,575.0001831054688,510.9624938964844,200.55662536621094,303.1099853515625,79.50652313232422
2025-05-23,571.0753173828125,506.2306213378906,199.9249725341797,309.75,79.63838195800781
2025-05-27,582.9483642578125,518.1397705078125,204.99807739257812,304.5,80.74981689453125
2025-05-28,579.5758056640625,515.8434448242188,202.83656311035156,303.80999755859375,80.40133666992188
2025-05-29,581.863525390625,516.8574829101562,203.43862915039062,305.6099853515625,81.14545440673828
2025-05-30,581.2128295898438,516.042236328125,202.40232849121094,303.6000061035156,81.26788330078125
2025-06-02,584.4866943359375,520.1181030273438,203.0339813232422,311.6700134277344,80.51155090332031
2025-06-03,587.8197631835938,524.183837890625,206.31077575683594,308.9100036621094,80.3697280883789
2025-06-04,587.6619262695312,525.6452026367188,205.72848510742188,310.8999938964844,81.6744155883789
2025-06-05,584.8218994140625,521.688720703125,205.81727600097656,309.3299865722656,81.73112487792969
2025-06-06,590.8274536132812,526.7883911132812,209.1434326171875,305.17999267578125,80.6911849975586
2025-06-09,591.3599243164062,527.5637817382812,210.58445739746094,306.6199951171875,80.7762680053711
2025-06-10,594.7127685546875,531.0531005859375,211.71949768066406,306.7099914550781,81.19224548339844
2025-06-11,593.0166625976562,529.2637329101562,210.85096740722656,308.3699951171875,81.43806457519531
2025-06-12,595.3734741210938,530.5062255859375,210.0120086669922,312.20001220703125,82.41183471679688
2025-06-13,588.7172241210938,523.845947265625,206.172607421875,316.2900085449219,81.61767578125
2025-06-16,594.3182983398438,531.1325073242188,208.60337829589844,311.7799987792969,80.79517364501953
2025-06-17,589.2398071289062,525.953369140625,206.40618896484375,311.94000244140625,81.77839660644531
2025-06-18,589.1510009765625,525.8638916015625,207.494873046875,310.260009765625,81.92021179199219
2025-06-20,587.7674560546875,523.7166137695312,207.0594024658203,310.1300048828125,81.76895141601562
2025-06-23,593.5730590820312,529.1017456054688,209.5930938720703,311.0799865722656,82.03367614746094
2025-06-24,600.13037109375,537.1928100585938,212.26531982421875,306.19000244140625,82.6292724609375
2025-06-25,600.4666748046875,538.5661010742188,209.79103088378906,307.1199951171875,82.7332763671875
2025-06-26,605.1646118164062,543.6018676757812,213.19566345214844,306.7799987792969,83.14923858642578
2025-06-27,608.1712646484375,545.4629516601562,213.26495361328125,301.2200012207031,82.61982727050781
2025-06-30,611.0790405273438,548.9959106445312,213.57176208496094,304.8299865722656,83.43287658691406
2025-07-01,610.8812866210938,544.3682250976562,215.7689208984375,307.54998779296875,83.6397476196289
2025-07-02,613.650634765625,548.159912109375,218.75790405273438,309.25,83.10833740234375
2025-07-03,618.487060546875,553.553955078125,220.7868194580078,307.1400146484375,82.52948760986328
2025-07-07,613.8779907226562,549.3840942382812,217.47125244140625,307.3699951171875,81.74186706542969
2025-07-08,613.5418090820312,549.6926879882812,218.9756622314453,304.1600036621094,81.63748168945312
2025-07-09,617.2210083007812,553.5838623046875,221.3509521484375,305.5199890136719,82.49153900146484
2025-07-10,618.961669921875,552.7877197265625,222.4891357421875,306.20001220703125,82.54846954345703
2025-07-11,616.785888671875,551.5435791015625,219.42098999023438,309.1400146484375,81.40974426269531
2025-07-14,617.9627685546875,553.5440063476562,220.89569091796875,308.010009765625,81.23892211914062
2025-07-15,615.3220825195312,554.051513671875,216.57061767578125,306.7300109863281,80.66956329345703
2025-07-16,617.3792114257812,554.6188354492188,218.7480010986328,308.260009765625,80.78343963623047
2025-07-17,621.1574096679688,559.107177734375,221.61819458007812,307.5899963378906,80.76445770263672
2025-07-18,620.7024536132812,558.56982421875,220.04454040527344,308.3900146484375,80.8878173828125
2025-07-21,621.87939453125,561.4658813476562,219.15377807617188,313.1300048828125,81.6090087890625
2025-07-22,621.9683837890625,558.5598754882812,220.97486877441406,316.1000061035156,82.10246276855469
2025-07-23,627.259765625,561.1075439453125,224.34982299804688,312.17999267578125,81.64696502685547
2025-07-24,627.4674682617188,562.3018798828125,221.2519989013672,310.2699890136719,81.50462341308594
2025-07-25,630.1181030273438,563.6553344726562,222.07347106933594,307.3999938964844,82.01707458496094
2025-07-28,629.9598999023438,565.4168090820312,221.81614685058594,305.4100036621094,81.48566436767578
2025-07-29,628.2982788085938,564.541015625,220.4008331298828,306.25,82.86164093017578
2025-07-30,627.507080078125,565.2974853515625,219.28245544433594,300.9599914550781,82.43460083007812
2025-07-31,625.1531372070312,562.3018798828125,217.134765625,302.9599914550781,82.48204040527344
2025-08-01,614.9065551757812,551.2251586914062,212.71070861816406,309.1099853515625,83.65465545654297
2025-08-04,624.2531127929688,561.3961791992188,217.47125244140625,310.9100036621094,83.8832778930664
2025-08-05,621.088134765625,557.5845336914062,218.5797576904297,311.1600036621094,84.14046478271484
2025-08-06,625.845458984375,564.6007690429688,218.29270935058594,310.5,83.65465545654297
2025-08-07,625.3212890625,566.5115356445312,217.58013916015625,313.1199951171875,83.51177978515625
2025-08-08,630.1972045898438,571.7960815429688,218.05520629882812,313.04998779296875,83.14979553222656
2025-08-11,628.9510498046875,570.1041870117188,218.00572204589844,308.54998779296875,83.24504089355469
2025-08-12,635.6468505859375,577.2697143554688,224.4784698486328,308.2699890136719,82.82591247558594
2025-08-13,637.82275390625,577.558349609375,228.8431396484375,309.2099914550781,83.51177978515625
2025-08-14,637.882080078125,577.1105346679688,225.89378356933594,307.25,82.89259338378906
2025-08-15,636.3886108398438,574.57275390625,224.79519653320312,307.42999267578125,82.30200958251953
2025-08-18,636.2501831054688,574.3438110351562,225.61666870117188,306.95001220703125,82.06387329101562
2025-08-19,632.7984008789062,566.5513916015625,223.88465881347656,305.2699890136719,82.5401382446289
2025-08-20,631.1170043945312,563.1876220703125,223.09286499023438,308.3599853515625,82.72113037109375
2025-08-21,628.5851440429688,560.5801391601562,223.6471405029297,307.2900085449219,82.31153869628906
2025-08-22,638.2382202148438,569.2284545898438,232.41603088378906,310.5799865722656,82.9211654663086
2025-08-25,635.4292602539062,567.5863647460938,229.971435546875,309.8299865722656,82.68302917480469
2025-08-26,638.0897827148438,569.8654174804688,231.8717041015625,312.0799865722656,82.63541412353516
2025-08-27,639.5436401367188,570.7412109375,233.51463317871094,312.7099914550781,82.5401382446289
2025-08-28,641.8085327148438,574.31396484375,233.79176330566406,315.0299987792969,83.0831069946289
2025-08-29,637.98095703125,567.666015625,232.75253295898438,318.07000732421875,82.49251556396484
2025-09-02,633.25341796875,562.908935546875,231.49560546875,325.5899963378906,81.87863159179688
2025-09-03,636.685302734375,567.337646484375,231.26795959472656,328.1400146484375,82.77747344970703
2025-09-04,642.0064086914062,572.4728393554688,234.15792846679688,326.69000244140625,83.4085464477539
2025-09-05,640.14697265625,573.298828125,235.3258056640625,331.04998779296875,84.68026733398438
2025-09-08,641.7196044921875,576.0953369140625,235.8008575439453,334.82000732421875,85.80857849121094
2025-09-09,643.203125,577.7276000976562,234.41526794433594,334.05999755859375,85.32093048095703
2025-09-10,645.0625,577.9166870117188,233.9995880126953,335.260009765625,85.80857849121094
2025-09-11,650.4231567382812,581.2803955078125,238.32467651367188,334.760009765625,86.38230895996094
2025-09-12,650.2054443359375,583.8480224609375,235.88995361328125,335.4200134277344,86.00938415527344
2025-09-15,653.6671142578125,588.843994140625,236.8895721435547,338.9100036621094,86.21019744873047
2025-09-16,652.7671508789062,588.346435546875,236.49951171875,339.5899963378906,86.3918685913086
2025-09-17,651.9561767578125,587.1720581054688,237.10494995117188,336.9700012207031,86.17192840576172
2025-09-18,655.0023193359375,592.466552734375,243.01048278808594,335.6199951171875,85.28268432617188
2025-09-19,658.2465209960938,596.4771728515625,241.1643829345703,339.17999267578125,85.12013244628906
2025-09-22,661.3607177734375,600.0083618164062,242.5638427734375,345.04998779296875,84.81414031982422
2025-09-23,657.7606201171875,596.02294921875,242.0179443359375,346.4599914550781,85.40699005126953
2025-09-24,655.6678466796875,593.9305419921875,239.79470825195312,343.32000732421875,85.08187103271484
2025-09-25,652.6429443359375,591.3699340820312,237.501953125,344.75,85.08187103271484
2025-09-26,656.3820190429688,593.801025390625,239.53663635253906,346.739990234375,85.0053939819336
2025-09-29,658.2266845703125,596.5509643554688,239.81454467773438,352.4599914550781,85.70339965820312
2025-09-30,660.7061157226562,598.18505859375,240.15200805664062,355.4700012207031,85.45478820800781
2025-10-01,662.95751953125,601.0545043945312,240.67803955078125,356.0299987792969,85.67549133300781
2025-10-02,663.7210693359375,603.5254516601562,242.19662475585938,354.7900085449219,85.92496490478516
2025-10-03,663.7112426757812,600.9848022460938,243.99310302734375,357.6400146484375,85.76184844970703
2025-10-06,666.0914916992188,605.498291015625,244.96575927734375,364.3800048828125,85.0805892944336
2025-10-07,663.6219482421875,602.3099365234375,242.3355712890625,366.260009765625,85.56993865966797
2025-10-08,667.5791625976562,609.2147827148438,244.87644958496094,372.29998779296875,85.6371078491211
2025-10-09,665.6452026367188,608.4774169921875,243.29832458496094,365.42999267578125,85.56993865966797
2025-10-10,647.6542358398438,587.3546142578125,236.01316833496094,369.1199951171875,86.95165252685547
2025-10-13,657.5919189453125,599.8190307617188,242.58370971679688,378.0899963378906,86.9036636352539
2025-10-14,656.78857421875,595.8236083984375,246.047607421875,380.7900085449219,87.18193054199219
2025-10-15,659.7044677734375,600.0281982421875,248.45947265625,387.3900146484375,86.99002838134766
2025-10-16,655.211669921875,597.8063354492188,243.2288360595703,396.45001220703125,87.64249420166016
2025-10-17,658.9308471679688,601.7320556640625,241.5911865234375,388.989990234375,87.5081787109375
2025-10-20,665.7840576171875,609.3142700195312,246.30567932128906,403.1499938964844,87.84400939941406
2025-10-21,665.7740478515625,609.1549682617188,245.14443969726562,377.239990234375,88.2757797241211
2025-10-22,662.3128051757812,603.286376953125,241.52169799804688,377.2799987792969,88.33335876464844
2025-10-23,666.2402954101562,608.3578491210938,244.57867431640625,378.7900085449219,87.72886657714844
2025-10-24,671.6851806640625,614.8540649414062,247.56619262695312,377.5199890136719,87.76725006103516
2025-10-27,679.6094970703125,625.8041381835938,248.4296875,367.010009765625,88.0646743774414
2025-10-28,681.41455078125,630.6165771484375,247.09970092773438,364.3800048828125,88.29497528076172
2025-10-29,681.7418212890625,633.4562377929688,244.9955291748047,363.0,87.40262603759766
2025-10-30,674.2439575195312,623.7715454101562,243.02041625976562,370.1300048828125,86.89407348632812
2025-10-31,676.4556274414062,626.7805786132812,244.39010620117188,368.1199951171875,86.63500213623047
2025-11-03,677.7251586914062,629.7796020507812,243.6060028076172,368.7799987792969,86.4183349609375
2025-11-04,669.6917114257812,616.996337890625,239.39768981933594,362.32000732421875,86.6109390258789
2025-11-05,672.012451171875,621.01171875,242.85166931152344,366.510009765625,85.6672134399414
2025-11-06,664.8021850585938,609.4439086914062,238.55404663085938,366.07000732421875,86.43761444091797
2025-11-07,665.4567260742188,607.5209350585938,239.80462646484375,368.30999755859375,86.25462341308594
2025-11-10,675.8407592773438,620.9618530273438,242.20654296875,378.3800048828125,86.23536682128906
2025-11-11,677.3878784179688,619.307861328125,242.4149932861328,379.8699951171875,86.63019561767578
2025-11-12,677.7647705078125,618.8196411132812,241.81944274902344,385.989990234375,86.78427124023438
2025-11-13,666.5179443359375,606.1858520507812,235.02064514160156,382.8699951171875,86.07167053222656
2025-11-14,666.408935546875,606.6441040039062,235.7054901123047,375.9599914550781,85.58055114746094
2025-11-17,660.2003173828125,601.4630737304688,231.02073669433594,371.6499938964844,85.79238891601562
2025-11-18,654.6563110351562,594.1397705078125,231.7254638671875,374.3500061035156,85.76350402832031
2025-11-19,657.1853637695312,597.6868896484375,231.6857452392578,374.9599914550781,85.59017181396484
2025-11-20,647.1683349609375,583.5385131835938,227.3980255126953,374.8500061035156,85.92720794677734
2025-11-21,653.6149291992188,587.9224853515625,233.83953857421875,374.2699890136719,86.1872329711914
2025-11-24,663.235107421875,602.9575805664062,238.10739135742188,380.20001220703125,86.67835235595703
2025-11-25,669.4734497070312,606.6740112304688,243.29832458496094,380.0799865722656,86.89982604980469
2025-11-26,674.09521484375,612.034423828125,245.45211791992188,383.1199951171875,87.2850341796875
2025-11-28,677.7747192382812,616.996337890625,246.89126586914062,387.8800048828125,86.8709487915039
2025-12-01,674.6803588867188,614.923828125,243.78465270996094,389.75,85.78950500488281
2025-12-02,675.9300537109375,619.736328125,243.33802795410156,387.239990234375,85.82815551757812
2025-12-03,678.2706298828125,621.2507934570312,247.7646942138672,386.8800048828125,86.06977844238281
2025-12-04,678.7664794921875,620.6729125976562,249.93833923339844,387.1300048828125,85.60588836669922
2025-12-05,680.0557861328125,623.20361328125,248.89617919921875,386.44000244140625,85.20966339111328
2025-12-08,678.0127563476562,622.008056640625,248.9954376220703,385.4200134277344,84.92938995361328
2025-12-09,677.427490234375,622.7752075195312,249.5115509033203,387.3999938964844,85.01637268066406
2025-12-10,681.92041015625,625.3258666992188,252.906005859375,389.04998779296875,85.3449478149414
2025-12-11,683.5072021484375,623.3032836914062,255.87362670898438,393.239990234375,85.2289810180664
2025-12-12,676.1580810546875,611.3868408203125,251.9531707763672,395.44000244140625,84.40751647949219
2025-12-15,675.1365356445312,608.3179931640625,250.04750061035156,395.79998779296875,84.46549987792969
2025-12-16,673.2918701171875,609.5235595703125,248.8644256591797,395.8900146484375,84.92938995361328
2025-12-17,665.8832397460938,598.224853515625,246.2154541015625,399.2900085449219,84.85208129882812
2025-12-18,670.9114990234375,606.8932495117188,247.6793670654297,398.57000732421875,85.25797271728516
2025-12-19,676.9923095703125,614.8042602539062,249.750732421875,399.0199890136719,84.93975830078125
2025-12-22,681.2098999023438,617.7513427734375,252.52919006347656,408.2300109863281,84.75541687011719
2025-12-23,684.3233032226562,620.6444702148438,251.035400390625,413.6400146484375,84.89124298095703
2025-12-24,686.7305297851562,622.4602661132812,251.6627960205078,411.92999267578125,85.40544128417969
2025-12-26,686.660888671875,622.4202880859375,250.37814331054688,416.739990234375,85.12409973144531
2025-12-29,684.2138671875,619.4074096679688,248.8445281982422,398.6000061035156,85.44425964355469
2025-12-30,683.3783569335938,617.9707641601562,247.00218200683594,398.8900146484375,85.24051666259766
2025-12-31,678.3152465820312,612.8628540039062,245.1399383544922,396.30999755859375,84.56138610839844
2026-01-02,679.55859375,611.6757202148438,247.7490692138672,398.2799987792969,84.43524932861328
2026-01-05,684.0845336914062,616.5341796875,251.68270874023438,408.760009765625,84.85242462158203
2026-01-06,688.1529541015625,621.951416015625,255.01881408691406,413.17999267578125,84.67781066894531
2026-01-07,685.9347534179688,622.550048828125,254.4213104248047,409.2300109863281,85.17259979248047
2026-01-08,685.8651123046875,619.0083618164062,257.1997375488281,411.489990234375,84.74571990966797
2026-01-09,690.4010009765625,625.173828125,259.1516418457031,414.4700012207031,85.30843353271484
2026-01-12,691.4852294921875,625.6925659179688,260.4163513183594,422.2300109863281,85.05618286132812
2026-01-13,690.1026000976562,624.7647705078125,260.2669982910156,421.6300048828125,85.20169830322266
2026-01-14,686.7106323242188,618.0905151367188,262.099365234375,425.94000244140625,85.6965103149414
2026-01-15,688.5806884765625,620.3153076171875,264.4097595214844,423.3299865722656,85.67709350585938
2026-01-16,688.0037231445312,619.7965087890625,264.6587219238281,421.2900085449219,85.18229675292969
2026-01-20,673.9981689453125,606.6276245117188,261.49188232421875,437.2300109863281,84.06658935546875
2026-01-21,681.77685546875,614.8282470703125,266.6802978515625,443.6000061035156,84.70691680908203
2026-01-22,685.3379516601562,619.2976684570312,268.6720275878906,451.7900085449219,85.0755844116211
2026-01-23,685.5865478515625,621.2530517578125,263.712646484375,458.0,85.30843353271484
2026-01-26,689.0680541992188,623.9866333007812,262.8861083984375,464.70001220703125,85.71590423583984
2026-01-27,691.8134765625,629.6432495117188,263.63299560546875,476.1000061035156,85.18229675292969
2026-01-28,691.7438354492188,631.7283325195312,262.2088928222656,494.55999755859375,84.98826599121094
2026-01-29,690.3711547851562,627.947265625,262.27862548828125,495.8999938964844,85.00767517089844
2026-01-30,688.3120727539062,620.4050903320312,258.57403564453125,444.95001220703125,84.53227996826172
2026-02-02,691.7339477539062,624.6650390625,261.0935363769531,427.1300048828125,84.29075622558594
2026-02-03,685.885009765625,615.0676879882812,261.6910705566406,454.2900085449219,84.49527740478516
2026-02-04,682.5626831054688,604.3230590820312,259.4404296875,453.9700012207031,84.28101348876953
2026-02-05,674.0379638671875,595.6236572265625,254.76986694335938,441.8800048828125,85.19648742675781
2026-02-06,686.96923828125,608.2138671875,263.9217834472656,455.4599914550781,85.2549057006836
2026-02-09,690.2816772460938,612.8728637695312,265.7740783691406,467.0299987792969,85.23544311523438
2026-02-10,688.4613037109375,610.029541015625,265.0570373535156,462.3999938964844,86.21907043457031
2026-02-11,688.3021850585938,611.6657104492188,263.8520812988281,467.6300048828125,85.76133728027344
2026-02-12,677.668701171875,599.22509765625,258.4645080566406,451.3900146484375,86.90079498291016
2026-02-13,678.1461181640625,600.5020751953125,261.8703308105469,462.6199951171875,87.37800598144531
2026-02-17,679.2402954101562,599.8834838867188,261.95001220703125,448.20001220703125,87.52410125732422
2026-02-18,682.662109375,604.3629150390625,262.89605712890625,458.2799987792969,87.19296264648438
2026-02-19,680.8616333007812,602.0484008789062,263.5035095214844,459.55999755859375,87.28062438964844
2026-02-20,685.7855834960938,607.3758544921875,263.51348876953125,468.6199951171875,87.07610321044922
2026-02-23,678.7827758789062,599.9932250976562,259.4105224609375,481.2799987792969,87.39747619628906
2026-02-24,683.7164916992188,606.4380493164062,262.23876953125,474.6099853515625,87.55330657958984
2026-02-25,689.4859008789062,615.227294921875,263.48358154296875,473.4200134277344,87.56304931640625
2026-02-26,685.6561889648438,607.8048095703125,264.88775634765625,477.4800109863281,87.91365051269531
2026-02-27,682.3637084960938,605.859375,260.3267517089844,483.75,88.44929504394531
2026-03-02,682.751708984375,606.6575317382812,262.716796875,490.0,87.56108093261719
2026-03-03,676.7337036132812,600.1629028320312,258.16571044921875,468.1400146484375,87.38518524169922
2026-03-04,681.5082397460938,609.311279296875,260.67529296875,471.79998779296875,87.1115951538086
2026-03-05,677.70849609375,607.4755249023438,255.69601440429688,466.1300048828125,86.75982666015625
2026-03-06,668.82568359375,598.337158203125,249.850341796875,473.510009765625,86.43737030029297
2026-03-09,674.6845703125,606.3283081054688,252.5690155029297,472.5299987792969,87.18976593017578
2026-03-10,673.6002807617188,606.3383178710938,252.31008911132812,477.8599853515625,86.26148223876953
2026-03-11,672.7548217773438,606.2584838867188,251.80223083496094,476.239990234375,85.14755249023438
2026-03-12,662.5390625,595.8530883789062,246.384765625,466.8800048828125,84.9814453125
2026-03-13,658.7890014648438,592.3213500976562,245.56814575195312,460.8399963378906,84.56126403808594
2026-03-16,665.493408203125,598.9656982421875,247.8885040283203,460.42999267578125,85.21595001220703
2026-03-17,667.2440185546875,601.8887939453125,249.45677185058594,459.2699890136719,85.45047760009766
2026-03-18,657.9335327148438,593.4986572265625,245.43634033203125,444.739990234375,84.97166442871094
2026-03-19,656.3121948242188,591.623046875,247.04251098632812,426.4100036621094,85.48955535888672
2026-03-20,646.9034423828125,580.6888427734375,241.64535522460938,413.3800048828125,83.86750793457031
2026-03-23,653.6959228515625,587.3545532226562,246.86293029785156,404.0400085449219,84.41470336914062
2026-03-24,651.5015869140625,583.3389282226562,248.18978881835938,404.1300048828125,84.04339599609375
2026-03-25,655.1322021484375,587.1747436523438,251.2225799560547,416.2900085449219,84.85440063476562
2026-03-26,643.432373046875,573.1600952148438,246.85296630859375,400.6400146484375,84.14110565185547
2026-03-27,632.4606323242188,561.9624633789062,242.5232696533203,414.70001220703125,83.68183898925781
2026-03-30,630.3460693359375,557.6671752929688,239.04153442382812,414.5799865722656,84.79579162597656
2026-03-31,648.6688842773438,576.54638671875,247.41163635253906,430.2900085449219,84.70783996582031
2026-04-01,653.5562744140625,583.6685791015625,248.96792602539062,437.82000732421875,84.62445068359375
2026-04-02,654.144775390625,584.3378295898438,250.69381713867188,429.4100036621094,85.1444091796875
2026-04-06,657.23681640625,587.85400390625,251.76129150390625,427.6499938964844,85.0070571899414
2026-04-07,657.5260009765625,587.9439086914062,252.3099822998047,431.80999755859375,84.99725341796875
2026-04-08,674.27294921875,605.4246826171875,259.85205078125,434.5299987792969,85.27194213867188
2026-04-09,678.162841796875,609.5202026367188,261.3385009765625,437.9100036621094,85.05610656738281
2026-04-10,677.7140502929688,610.3992309570312,260.6800537109375,437.1300048828125,84.85008239746094
2026-04-13,684.3369750976562,616.7122802734375,264.4411315917969,435.3599853515625,85.10516357421875
2026-04-14,692.675537109375,627.909912109375,268.0824890136719,445.0899963378906,85.55643463134766
2026-04-15,698.1414184570312,636.7003173828125,268.75091552734375,440.4599914550781,85.18364715576172
2026-04-16,699.8569946289062,639.7669067382812,269.3095703125,440.0799865722656,84.6440658569336
2026-04-17,708.3152465820312,648.1376953125,275.125732421875,445.92999267578125,85.4190902709961
2026-04-20,706.8988037109375,646.0799560546875,276.6920166015625,442.0899963378906,85.39947509765625
2026-04-21,702.2708129882812,643.6226806640625,273.8587646484375,429.57000732421875,84.9285659790039
2026-04-22,709.3825073242188,654.390869140625,275.8240661621094,435.260009765625,85.09535217285156
2026-04-23,706.6295776367188,650.7048950195312,274.8663330078125,431.0400085449219,84.90895080566406
2026-04-24,712.10546875,663.1512451171875,275.99365234375,433.25,85.06592559814453
2026-04-27,713.332275390625,663.5008544921875,276.4825134277344,429.8900146484375,84.6440658569336
2026-04-28,709.8612060546875,656.8281860351562,273.2601623535156,421.9100036621094,84.73237609863281
2026-04-29,709.7515258789062,660.84375,271.4344787597656,417.4100036621094,84.07506561279297
2026-04-30,716.8132934570312,667.0069580078125,277.310546875,423.6600036621094,83.99658966064453
2026-05-01,718.7982177734375,673.4099731445312,278.617431640625,423.17999267578125,84.29690551757812
2026-05-04,716.1649780273438,672.141357421875,277.22076416015625,414.7099914550781,83.65687561035156
2026-05-05,721.9102172851562,680.8617553710938,281.8896484375,418.2699890136719,84.11967468261719
2026-05-06,731.9443359375,695.0062255859375,286.11956787109375,430.9599914550781,84.75970458984375
2026-05-07,729.7001342773438,694.1771240234375,281.5903625488281,431.67999267578125,84.33629608154297
2026-05-08,735.724609375,710.44921875,283.495849609375,433.7699890136719,84.75970458984375
2026-05-11,737.4002685546875,712.5069580078125,284.6530456542969,434.6499938964844,84.24767303466797
2026-05-12,736.2831420898438,706.463623046875,281.8996276855469,432.92999267578125,83.68641662597656
2026-05-13,740.4025268554688,713.9254760742188,281.9993896484375,430.5,83.49933624267578
2026-05-14,746.2474975585938,718.9998168945312,283.7751770019531,427.2099914550781,83.61749267578125
2026-05-15,737.2706298828125,708.1517944335938,276.94140625,417.2900085449219,82.3768310546875
2026-05-18,736.751953125,705.1051025390625,275.3152770996094,418.42999267578125,82.27835083007812
2026-05-19,731.8446044921875,700.7599487304688,272.3523254394531,411.5,81.74663543701172
2026-05-20,739.3452758789062,712.3671875,279.2060241699219,417.3999938964844,82.62297821044922
2026-05-21,740.8114624023438,713.7256469726562,281.8197937011719,416.989990234375,82.92823028564453
2026-05-22,743.7239990234375,716.7523193359375,284.4435729980469,413.82000732421875,83.38117218017578
2026-05-26,748.6613159179688,729.4783935546875,289.82080078125,414.0,83.79472351074219
2026-05-27,748.5316162109375,728.6492919921875,289.6811218261719,408.489990234375,83.99166870117188
2026-05-28,752.6609497070312,734.79248046875,291.3371887207031,412.7699890136719,84.42491149902344
2026-05-29,754.5361328125,737.49951171875,289.740966796875,417.1199951171875,84.44461059570312
2026-06-01,756.5908203125,741.9246826171875,288.29443359375,411.260009765625,84.4900894165039
2026-06-02,757.6182250976562,745.3408813476562,290.9680480957031,411.95001220703125,84.66801452636719
2026-06-03,752.3018798828125,743.39306640625,286.9875183105469,407.8699951171875,84.33191680908203
2026-06-04,755.1445922851562,739.7969970703125,291.3172302246094,411.2699890136719,84.51973724365234
2026-06-05,735.65478515625,704.2860107421875,280.9817810058594,396.239990234375,84.08477783203125
2026-06-08,737.3204345703125,715.283935546875,283.4359436035156,397.2699890136719,83.64982604980469
2026-06-09,735.1560668945312,707.052978515625,284.3437805175781,390.7799987792969,84.14409637451172
2026-06-10,723.56591796875,692.9285278320312,281.3808288574219,374.5799865722656,83.90684509277344
2026-06-11,735.8642578125,716.332763671875,289.72100830078125,386.32000732421875,84.9942398071289
2026-06-12,739.843994140625,720.5481567382812,292.2550048828125,386.5400085449219,84.78663635253906
2026-06-15,752.890380859375,743.1832885742188,294.6400146484375,396.54998779296875,84.73721313476562
2026-06-16,748.4019775390625,729.0587768554688,292.0799865722656,397.6300048828125,85.20182800292969
2026-06-17,739.0560302734375,721.7168579101562,289.8800048828125,388.6000061035156,85.34022521972656
2026-06-18,746.739990234375,739.8070068359375,295.5899963378906,387.1199951171875,85.75540924072266
2026-06-22,744.3900146484375,737.9500122070312,298.17999267578125,384.5899963378906,85.10297393798828
2026-06-23,733.5800170898438,713.6500244140625,295.32000732421875,377.32000732421875,85.21170806884766
2026-06-24,733.239990234375,710.6199951171875,296.69000244140625,365.9200134277344,86.37818145751953
2026-06-25,734.2999877929688,716.3800048828125,298.9100036621094,369.4599914550781,86.34852600097656
2026-06-26,728.989990234375,706.52001953125,299.8299865722656,373.6300048828125,86.35841369628906
2026-06-29,741.0,724.0800170898438,298.9700012207031,368.5799865722656,86.44738006591797
2026-06-30,746.77001953125,736.4000244140625,300.45001220703125,368.3800048828125,85.42918395996094
2026-07-01,745.760009765625,725.1699829101562,299.32000732421875,370.6000061035156,84.85173797607422
2026-07-02,744.780029296875,712.5999755859375,297.5799865722656,378.1300048828125,84.8418197631836
2026-07-06,751.280029296875,722.8200073242188,298.8999938964844,382.1300048828125,84.78227996826172
2026-07-07,747.7100219726562,709.4299926757812,296.19000244140625,377.489990234375,83.88932037353516
2026-07-08,745.4000244140625,711.4400024414062,293.4800109863281,374.45001220703125,83.7008056640625
2026-07-09,751.7100219726562,723.280029296875,297.239990234375,378.17999267578125,83.82978057861328
2026-07-10,754.9500122070312,725.510009765625,295.989990234375,377.010009765625,83.80994415283203
2026-07-13,749.1699829101562,711.739990234375,293.4800109863281,367.1300048828125,83.31385040283203
2026-07-14,751.8300170898438,719.6900024414062,294.510009765625,372.1499938964844,83.4229965209961
2026-07-15,754.8099975585938,717.739990234375,295.7699890136719,372.3500061035156,83.58174133300781
2026-07-16,750.719970703125,705.9400024414062,295.5899963378906,364.9599914550781,83.55197143554688
2026-07-17,743.2899780273438,695.3300170898438,294.0400085449219,368.4100036621094,83.85954284667969
2026-07-20,742.0900268554688,696.0599975585938,292.30999755859375,367.6000061035156,83.2344741821289
2026-07-21,748.280029296875,708.969970703125,296.5400085449219,374.80999755859375,83.00627899169922
2026-07-22,747.4099731445312,705.3499755859375,293.7900085449219,379.1199951171875,82.7879867553711
2026-07-23,738.1799926757812,691.9600219726562,292.0899963378906,371.5199890136719,82.52009582519531
2026-07-24,738.9299926757812,684.22998046875,291.1700134277344,371.8999938964844,82.59947204589844
2026-07-27,739.0900268554688,682.1199951171875,292.9100036621094,374.6300048828125,83.09556579589844
2026-07-28,740.8599853515625,675.489990234375,293.3699951171875,369.3699951171875,83.58174133300781
2026-07-29,729.4600219726562,661.72998046875,288.57000732421875,371.0799865722656,82.20259857177734
2026-07-30,741.6900024414062,683.5499877929688,292.5899963378906,377.1600036621094,82.15299224853516
2026-07-31,747.030029296875,687.989990234375,291.20001220703125,371.5400085449219,81.60728454589844
2026-08-03,757.6699829101562,700.0700073242188,296.2200012207031,371.7099914550781,81.87625885009766
2026-08-04,771.3300170898438,723.8499755859375,301.7099914550781,374.1600036621094,82.50385284423828
2026-08-05,769.7899780273438,717.2999877929688,299.7699890136719,389.6400146484375,82.68316650390625
2026-08-06,768.5599975585938,714.6500244140625,298.25,389.6700134277344,82.20499420166016
2026-08-07,773.260009765625,723.030029296875,301.55999755859375,398.4700012207031,82.44408416748047
2026-08-10,773.030029296875,720.8699951171875,299.9800109863281,402.5400085449219,81.74674987792969
2026-08-11,770.5599975585938,718.4500122070312,300.989990234375,400.9599914550781,81.87625885009766
2026-08-12,772.489990234375,723.7000122070312,302.7099914550781,404.9200134277344,81.79656219482422
2026-08-13,777.8800048828125,732.0700073242188,303.5,398.9599914550781,82.27472686767578
2026-08-14,776.3400268554688,731.0700073242188,305.0899963378906,401.4800109863281,81.7268295288086
2026-08-17,772.6699829101562,729.8699951171875,304.05999755859375,405.489990234375,81.03946685791016
2026-08-18,767.4500122070312,717.510009765625,300.2300109863281,398.54998779296875,81.3482894897461
2026-08-19,769.0599975585938,716.0800170898438,301.7200012207031,413.8399963378906,82.70308685302734
2026-08-20,762.5999755859375,710.9299926757812,297.6700134277344,415.260009765625,82.02568054199219
2026-08-21,765.719970703125,713.4400024414062,299.9599914550781,423.3599853515625,81.7367935180664
2026-08-24,763.469970703125,706.3200073242188,297.9700012207031,426.69000244140625,82.24484252929688
2026-08-25,765.9099731445312,710.719970703125,299.2300109863281,428.07000732421875,83.15137481689453
2026-08-26,766.0800170898438,711.3699951171875,298.92999267578125,421.32000732421875,82.98202514648438
2026-08-27,771.0999755859375,721.1099853515625,299.80999755859375,422.6000061035156,82.81266784667969
2026-08-28,769.3499755859375,716.4299926757812,295.75,408.8900146484375,82.5636215209961
2026-08-31,767.0499877929688,716.760009765625,293.92999267578125,408.4200134277344,82.20499420166016
2026-09-01,761.780029296875,707.6400146484375,290.57000732421875,396.75,81.87000274658203
2026-09-02,765.1599731445312,709.239990234375,294.010009765625,402.7799987792969,81.94999694824219
2026-09-03,773.1699829101562,717.6699829101562,295.19000244140625,410.2200012207031,82.06999969482422
2026-09-04,770.1900024414062,718.9600219726562,296.010009765625,406.7699890136719,82.20999908447266
